,product_id,title,image_url,price,comment_url,review_count,review_rate
0,11192,小米电视555英寸灰色,https://cdn.cnbj0.fds.api.mi-img.com/b2c-shopapi-pms/pms_1572837419.47939903.jpg,2999,https://www.mi.com/comment/11192.html,6918,99.5
1,10909,小米全面屏电视55英寸E55X灰色,https://cdn.cnbj0.fds.api.mi-img.com/b2c-shopapi-pms/pms_1570600947.92372088.jpg,1749,https://www.mi.com/comment/10909.html,37003,99.7
2,9682,小米全面屏电视E65A灰色,https://cdn.cnbj0.fds.api.mi-img.com/b2c-shopapi-pms/pms_1562139940.61798032.jpg,2598,https://www.mi.com/comment/9682.html,56769,99.6
3,11855,小米全面屏电视PRO75英寸E75S灰色,https://cdn.cnbj1.fds.api.mi-img.com/mi-mall/65adc10bf3a28d6dee6a912bbd23ce34.jpg,5999,https://www.mi.com/comment/11855.html,10,100.0
4,9668,小米全面屏电视E55A灰色,https://cdn.cnbj0.fds.api.mi-img.com/b2c-shopapi-pms/pms_1562138486.16379871.jpg,1749,https://www.mi.com/comment/9668.html,82334,99.4
5,9685,小米全面屏电视E55C灰色,https://cdn.cnbj0.fds.api.mi-img.com/b2c-shopapi-pms/pms_1562137966.77456698.jpg,1749,https://www.mi.com/comment/9685.html,57228,99.5
6,10911,小米全面屏电视65英寸E65C灰色,https://cdn.cnbj0.fds.api.mi-img.com/b2c-shopapi-pms/pms_1569691861.38973660.jpg,2599,https://www.mi.com/comment/10911.html,22642,99.7
7,10916,小米全面屏电视43英寸E43X灰色,https://cdn.cnbj1.fds.api.mi-img.com/mi-mall/1fa6b7e80b1acc6fc48ed263e65ccf5a.jpg,1199,https://www.mi.com/comment/10916.html,12972,99.7
8,10126,小米全面屏电视E32C灰色,https://cdn.cnbj0.fds.api.mi-img.com/b2c-shopapi-pms/pms_1561540297.6364248.jpg,699,https://www.mi.com/comment/10126.html,35939,99.7
9,10746,小米全面屏电视43英寸E43C黑色,https://cdn.cnbj1.fds.api.mi-img.com/mi-mall/e2ab66a8c986a8e0dbb85c432fc0cd84.jpg,1199,https://www.mi.com/comment/10746.html,9331,99.7
10,9680,小米全面屏电视E43A灰色,https://cdn.cnbj0.fds.api.mi-img.com/b2c-shopapi-pms/pms_1562136966.41918063.jpg,1199,https://www.mi.com/comment/9680.html,36049,99.6
11,11193,小米电视565英寸灰色,https://cdn.cnbj0.fds.api.mi-img.com/b2c-shopapi-pms/pms_1572837360.55732961.jpg,3999,https://www.mi.com/comment/11193.html,5186,99.6
12,11196,小米电视5Pro65英寸,https://cdn.cnbj0.fds.api.mi-img.com/b2c-shopapi-pms/pms_1572952364.0829734.jpg,4999,https://www.mi.com/comment/11196.html,2815,99.2
13,11195,小米电视5Pro55英寸,https://cdn.cnbj0.fds.api.mi-img.com/b2c-shopapi-pms/pms_1572952295.06134886.jpg,3699,https://www.mi.com/comment/11195.html,3528,99.4
14,9919,小米电视55英寸全面屏PRO灰色,https://cdn.cnbj0.fds.api.mi-img.com/b2c-shopapi-pms/pms_1559013725.88313357.png,2799,https://www.mi.com/comment/9919.html,3709,99.4
15,9920,小米电视65英寸全面屏PRO灰色,https://cdn.cnbj0.fds.api.mi-img.com/b2c-shopapi-pms/pms_1559014117.09888499.jpg,3699,https://www.mi.com/comment/9920.html,1508,99.5
16,8990,小米电视465英寸全面屏旗舰版黑色,https://cdn.cnbj0.fds.api.mi-img.com/b2c-shopapi-pms/pms_1540366231.87578189.jpg,4999,https://www.mi.com/comment/8990.html,8042,99.1
17,11194,小米电视575英寸灰色,https://cdn.cnbj0.fds.api.mi-img.com/b2c-shopapi-pms/pms_1572837172.34055639.jpg,7999,https://www.mi.com/comment/11194.html,82,97.6
18,10767,全面屏电视Pro55英寸E55S,https://cdn.cnbj0.fds.api.mi-img.com/b2c-shopapi-pms/pms_1569249648.53373412.jpg,2399,https://www.mi.com/comment/10767.html,17113,99.7
19,10875,全面屏电视Pro43英寸E43S,https://cdn.cnbj0.fds.api.mi-img.com/b2c-shopapi-pms/pms_1569287693.9871682.jpg,1499,https://www.mi.com/comment/10875.html,21910,99.6
20,10000211,Pro15增强版,https://cdn.cnbj1.fds.api.mi-img.com/mi-mall/d9695deb5efdbca6c21d89248dbf3a81.jpg,5899,https://www.mi.com/comment/10000211.html,5905,97.3
21,10000178,游戏本2019款,https://cdn.cnbj1.fds.api.mi-img.com/mi-mall/470b268ceff61ad52b7837f4082fb773.jpg,7499,https://www.mi.com/comment/10000178.html,6686,98.3
22,10000141,"小米笔记本15.6""MX110独显版",https://cdn.cnbj1.fds.api.mi-img.com/mi-mall/cd2aa2dcad6440b469c22e27db9b6236.jpg,3899,https://www.mi.com/comment/10000141.html,27106,98.9
23,10000114,"Pro15.6""GTX显卡",https://i8.mifile.cn/b2c-mimall-media/b5a6930d5c4726d690bacb8d797533bf.jpg,7999,https://www.mi.com/comment/10000114.html,1861,98.9
24,10000113,小米游戏本,https://i8.mifile.cn/b2c-mimall-media/9b232bbf863196f3a76094b538442d13.jpg,8999,https://www.mi.com/comment/10000113.html,2598,98.3
25,10000142,"Air13.3""2019款",https://cdn.cnbj1.fds.api.mi-img.com/mi-mall/74e573c4c0d89048392d14831cc507d5.jpg,4999,https://www.mi.com/comment/10000142.html,23276,98.7
26,7484,小米笔记本内胆包13.3英寸升级版黑色pu革,http://i8.mifile.cn/b2c-mimall-media/d216a172f25c29d4efbafb6ef9c6adcb.jpg,99,https://www.mi.com/comment/7484.html,7319,99.7
27,10000145,"Air12.5""2019款",https://cdn.cnbj1.fds.api.mi-img.com/mi-mall/9da19c26b55c0c22fea23c3b8a31dc28.jpg,3299,https://www.mi.com/comment/10000145.html,12958,99.1
28,10000193,RedmiBook14锐龙版,https://cdn.cnbj1.fds.api.mi-img.com/mi-mall/318f692b54b277701c7e1a0c16ab93db.jpg,3299,https://www.mi.com/comment/10000193.html,19542,98.4
29,10000179,RedmiBook14增强版,https://cdn.cnbj1.fds.api.mi-img.com/mi-mall/c475df06dfe78971dab1b02af23ca628.jpg,3999,https://www.mi.com/comment/10000179.html,33480,98.3
30,10000178,游戏本2019款,https://cdn.cnbj1.fds.api.mi-img.com/mi-mall/470b268ceff61ad52b7837f4082fb773.jpg,7499,https://www.mi.com/comment/10000178.html,6686,98.3
31,10000113,小米游戏本,https://i8.mifile.cn/b2c-mimall-media/9b232bbf863196f3a76094b538442d13.jpg,8999,https://www.mi.com/comment/10000113.html,2598,98.3
32,10000114,"Pro15.6""GTX显卡",https://i8.mifile.cn/b2c-mimall-media/b5a6930d5c4726d690bacb8d797533bf.jpg,7999,https://www.mi.com/comment/10000114.html,1861,98.9
33,11024,小米曲面显示器34英寸黑,https://cdn.cnbj1.fds.api.mi-img.com/mi-mall/7a4cc78dcb3b77372c600aa28291ad3b.jpg,2199,https://www.mi.com/comment/11024.html,8326,99.3
34,11025,小米显示器23.8英寸,https://cdn.cnbj1.fds.api.mi-img.com/mi-mall/f49389dea28b178aff9d6b9a15d753f7.jpg,699,https://www.mi.com/comment/11025.html,9766,99.4
35,11733,小米显示器1A23.8英寸黑色,https://cdn.cnbj0.fds.api.mi-img.com/b2c-shopapi-pms/pms_1583999999.50692398.jpg,699,https://www.mi.com/comment/11733.html,89,92.7
36,7865,悦米机械键盘Pro静音版白色,https://cdn.cnbj0.fds.api.mi-img.com/b2c-mimall-media/d52851e378cd33a948d5d946bb51307b.jpg,599,https://www.mi.com/comment/7865.html,3118,99.4
37,11418,小米无线键鼠套装黑色,https://cdn.cnbj0.fds.api.mi-img.com/b2c-shopapi-pms/pms_1576481939.81337301.jpg,89,https://www.mi.com/comment/11418.html,13593,98.7
38,11233,小米无线鼠标Lite黑色,https://cdn.cnbj0.fds.api.mi-img.com/b2c-shopapi-pms/pms_1573354088.50166004.jpg,39,https://www.mi.com/comment/11233.html,9760,99.0
39,11255,小米无线鼠标2贝壳白,https://cdn.cnbj0.fds.api.mi-img.com/b2c-shopapi-pms/pms_1573214035.93731168.jpg,59,https://www.mi.com/comment/11255.html,21145,99.7
40,4679,小米便携鼠标金色,https://cdn.cnbj0.fds.api.mi-img.com/b2c-miapp-a1/c064fa1a-e544-05e7-ad89-fc460188ef26.jpg,89,https://www.mi.com/comment/4679.html,360188,99.7
41,8125,小米游戏鼠标黑色,https://cdn.cnbj0.fds.api.mi-img.com/b2c-mimall-media/62436f0277f807c9b15062a8fbe1f432.jpg,179,https://www.mi.com/comment/8125.html,32163,98.9
42,11872,小米时尚鼠标银色,https://cdn.cnbj0.fds.api.mi-img.com/b2c-shopapi-pms/pms_1585815427.29972914.jpg,99,https://www.mi.com/comment/11872.html,300,94.6
43,11656,黑鲨电竞游戏鼠标黑色,https://cdn.cnbj0.fds.api.mi-img.com/b2c-shopapi-pms/pms_1589017112.51754422.jpg,329,https://www.mi.com/comment/11656.html,1,100.0
44,11418,小米无线键鼠套装黑色,https://cdn.cnbj0.fds.api.mi-img.com/b2c-shopapi-pms/pms_1576481939.81337301.jpg,89,https://www.mi.com/comment/11418.html,13593,98.7
45,6815,USB-C至VGA千兆网口多功能转接器白色,https://cdn.cnbj0.fds.api.mi-img.com/b2c-miapp-a1/f25d7464-8f9e-15e0-6652-29dd3b9187a5.jpg,199,https://www.mi.com/comment/6815.html,51716,99.7
46,11008,小米USB3.0分线器白,https://cdn.cnbj0.fds.api.mi-img.com/b2c-shopapi-pms/pms_1570873524.35945258.jpg,49,https://www.mi.com/comment/11008.html,9182,99.9
47,7484,小米笔记本内胆包13.3英寸升级版黑色pu革,http://i8.mifile.cn/b2c-mimall-media/d216a172f25c29d4efbafb6ef9c6adcb.jpg,99,https://www.mi.com/comment/7484.html,7319,99.7
48,7483,小米笔记本内胆包12.5英寸升级版黑色pu革,http://i8.mifile.cn/b2c-mimall-media/d216a172f25c29d4efbafb6ef9c6adcb.jpg,99,https://www.mi.com/comment/7483.html,2013,99.9
49,10953,米家风冷十字四门冰箱486L银色,https://cdn.cnbj0.fds.api.mi-img.com/b2c-shopapi-pms/pms_1570761020.76974605.jpg,2899,https://www.mi.com/comment/10953.html,17269,99.2
50,10950,米家风冷三门冰箱210L银色,https://cdn.cnbj0.fds.api.mi-img.com/b2c-shopapi-pms/pms_1570625441.29096165.jpg,1499,https://www.mi.com/comment/10950.html,12635,99.4
51,10949,米家两门冰箱160L银色,https://cdn.cnbj0.fds.api.mi-img.com/b2c-shopapi-pms/pms_1570623930.25886181.jpg,899,https://www.mi.com/comment/10949.html,21374,99.5
52,10952,米家风冷对开门冰箱483L银色,https://cdn.cnbj0.fds.api.mi-img.com/b2c-shopapi-pms/pms_1570670535.6211177.jpg,2199,https://www.mi.com/comment/10952.html,20928,99.2
53,11209,空调A（2匹/变频/超一级能效）,https://cdn.cnbj0.fds.api.mi-img.com/b2c-shopapi-pms/pms_1572868286.42474195.jpg,3999,https://www.mi.com/comment/11209.html,4383,99.2
54,11212,空调A（3匹/变频/超一级能效）,https://cdn.cnbj0.fds.api.mi-img.com/b2c-shopapi-pms/pms_1572868360.8284015.jpg,4999,https://www.mi.com/comment/11212.html,14419,99.5
55,10688,立式空调C1（2匹/变频/一级能效）,https://cdn.cnbj0.fds.api.mi-img.com/b2c-shopapi-pms/pms_1567408597.79367943.jpg,3799,https://www.mi.com/comment/10688.html,26451,99.6
56,9665,立式空调C1（2匹/定频/三级能效）,https://cdn.cnbj1.fds.api.mi-img.com/mi-mall/3e61629579bedcc32fd268ecaddf9972.jpg,2999,https://www.mi.com/comment/9665.html,89771,99.3
57,11983,小米柔风空调（大1匹/变频/超一级能效）,https://cdn.cnbj0.fds.api.mi-img.com/b2c-shopapi-pms/pms_1587552795.52487869.jpg,2299,https://www.mi.com/comment/11983.html,323,94.7
58,11984,小米柔风空调（1.5匹/变频/超一级能效）,https://cdn.cnbj0.fds.api.mi-img.com/b2c-shopapi-pms/pms_1587552599.25647740.jpg,2599,https://www.mi.com/comment/11984.html,430,95.8
59,11979,空调C（大1匹/变频/超一级能效）,https://cdn.cnbj0.fds.api.mi-img.com/b2c-shopapi-pms/pms_1587553112.36382102.jpg,2099,https://www.mi.com/comment/11979.html,260,95.6
60,11980,空调C（1.5匹/变频/超一级能效）,https://cdn.cnbj0.fds.api.mi-img.com/b2c-shopapi-pms/pms_1587553044.79744875.jpg,2299,https://www.mi.com/comment/11980.html,276,94.8
61,11982,空调X（大1匹/变频/超一级能效）,https://cdn.cnbj0.fds.api.mi-img.com/b2c-shopapi-pms/pms_1587552900.91044159.jpg,2099,https://www.mi.com/comment/11982.html,162,93.6
62,11981,空调X（1.5匹/变频/超一级能效）,https://cdn.cnbj0.fds.api.mi-img.com/b2c-shopapi-pms/pms_1587552971.69257554.jpg,2299,https://www.mi.com/comment/11981.html,167,93.3
63,11203,空调A（大1匹/变频/新一级能效）,https://cdn.cnbj0.fds.api.mi-img.com/b2c-shopapi-pms/pms_1572867808.7176250.jpg,2099,https://www.mi.com/comment/11203.html,8988,99.5
64,11206,空调A（1.5匹/变频/新一级能效）,https://cdn.cnbj0.fds.api.mi-img.com/b2c-shopapi-pms/pms_1572867954.94599408.jpg,2299,https://www.mi.com/comment/11206.html,17701,99.4
65,9144,空调（1.5匹/变频/一级能效）,https://cdn.cnbj1.fds.api.mi-img.com/mi-mall/819f7dcde77a8626052e05b8cb6678e6.jpeg,2099,https://www.mi.com/comment/9144.html,406116,99.2
66,10672,空调C1（1.5匹/定频/三级能效）,https://cdn.cnbj1.fds.api.mi-img.com/mi-mall/6125ee4544588c2a3cc74d85fa27fbba.jpg,1699,https://www.mi.com/comment/10672.html,15582,99.7
67,10565,空调C1（大1匹/变频/一级能效）,https://cdn.cnbj1.fds.api.mi-img.com/mi-mall/f611ae04c145343ea266df4f54b41f9d.jpg,1799,https://www.mi.com/comment/10565.html,43531,99.8
68,9558,空调C1（1.5匹/变频/一级能效）,https://cdn.cnbj0.fds.api.mi-img.com/b2c-shopapi-pms/pms_1554108362.70322107.jpg,2099,https://www.mi.com/comment/9558.html,274542,99.2
69,9183,空调（大1匹/定频/三级能效）,https://cdn.cnbj0.fds.api.mi-img.com/b2c-mimall-media/2b911be4c2f156bb6e4cf367c6080045.jpg,1499,https://www.mi.com/comment/9183.html,228030,99.4
70,8634,空调（1.5匹/变频/三级能效）,https://cdn.cnbj0.fds.api.mi-img.com/b2c-shopapi-pms/pms_1532079051.54116111.jpg,1899,https://www.mi.com/comment/8634.html,362042,99.3
71,9557,空调C1（1.5匹/变频/三级能效）,https://cdn.cnbj0.fds.api.mi-img.com/b2c-shopapi-pms/pms_1553854346.26097782.jpg,1899,https://www.mi.com/comment/9557.html,47956,99.2
72,11526,空调A（1.5匹/变频/一级能效）,https://cdn.cnbj0.fds.api.mi-img.com/b2c-shopapi-pms/pms_1578639130.40822056.jpg,2099,https://www.mi.com/comment/11526.html,1267,99.1
73,11527,空调A（大1匹/变频/一级能效）,https://cdn.cnbj0.fds.api.mi-img.com/b2c-shopapi-pms/pms_1578639198.97054365.jpg,1899,https://www.mi.com/comment/11527.html,1458,98.6
74,11813,米家互联网洗烘一体机1C10Kg白色,https://cdn.cnbj0.fds.api.mi-img.com/b2c-shopapi-pms/pms_1584948767.97581700.jpg,2199,https://www.mi.com/comment/11813.html,305,94.7
75,9161,米家互联网洗烘一体机10Kg白色,https://cdn.cnbj0.fds.api.mi-img.com/b2c-mimall-media/8e6ced64092a564e21ec942684bc8fd6.jpg,2099,https://www.mi.com/comment/9161.html,170448,99.1
76,10509,米家变频滚筒洗衣机1S8kg银色,https://cdn.cnbj0.fds.api.mi-img.com/b2c-shopapi-pms/pms_1565614113.69785042.jpg,1299,https://www.mi.com/comment/10509.html,23473,99.1
77,10862,米家变频滚筒洗衣机1C10kg白色,https://cdn.cnbj0.fds.api.mi-img.com/b2c-shopapi-pms/pms_1569040782.54465855.jpg,1499,https://www.mi.com/comment/10862.html,11804,99.5
78,10481,米家变频滚筒洗衣机1A8kg白色,https://cdn.cnbj0.fds.api.mi-img.com/b2c-shopapi-pms/pms_1565262481.3597559.jpg,1299,https://www.mi.com/comment/10481.html,15462,99.5
79,11053,米家变频滚筒洗衣机1F10kg白色,https://cdn.cnbj0.fds.api.mi-img.com/b2c-shopapi-pms/pms_1571576399.73615710.jpg,1599,https://www.mi.com/comment/11053.html,5377,99.0
80,9960,米家滚筒洗烘一体机1A8kg白色,https://cdn.cnbj0.fds.api.mi-img.com/b2c-shopapi-pms/pms_1560065317.10378366.jpg,1999,https://www.mi.com/comment/9960.html,13460,99.4
81,9963,米家互联网洗烘一体机Pro10kg白色,https://cdn.cnbj0.fds.api.mi-img.com/b2c-shopapi-pms/pms_1560161251.21862332.jpg,2999,https://www.mi.com/comment/9963.html,13225,99.4
82,10002,米家互联网洗烘一体机1S10kg金色,https://cdn.cnbj0.fds.api.mi-img.com/b2c-shopapi-pms/pms_1560148782.10747314.jpg,2299,https://www.mi.com/comment/10002.html,11092,99.3
83,9509,Redmi全自动波轮洗衣机1A8kg白色,https://cdn.cnbj0.fds.api.mi-img.com/b2c-shopapi-pms/pms_1552868299.27348967.jpg,799,https://www.mi.com/comment/9509.html,92612,99.5
84,9959,Redmi全自动波轮洗衣机1S8kg灰色,https://cdn.cnbj0.fds.api.mi-img.com/b2c-shopapi-pms/pms_1560062441.20748673.jpg,799,https://www.mi.com/comment/9959.html,65095,99.3
85,11214,小米净水器S1800G白色,https://cdn.cnbj0.fds.api.mi-img.com/b2c-shopapi-pms/pms_1573027813.58597871.jpg,2499,https://www.mi.com/comment/11214.html,3758,98.6
86,10840,小米净水器C1(三出水）白色,https://cdn.cnbj0.fds.api.mi-img.com/b2c-shopapi-pms/pms_1569247661.36293190.jpg,799,https://www.mi.com/comment/10840.html,5214,99.0
87,10474,小米净水器白色,https://cdn.cnbj0.fds.api.mi-img.com/b2c-shopapi-pms/pms_1565506142.80495591.jpg,699,https://www.mi.com/comment/10474.html,11090,99.0
88,9614,小米净水器600G白色,https://cdn.cnbj0.fds.api.mi-img.com/b2c-shopapi-pms/pms_1555486031.585971.jpg,1599,https://www.mi.com/comment/9614.html,46203,99.3
89,3377,小米净水器（厨下式）白色,https://cdn.cnbj0.fds.api.mi-img.com/b2c-miapp-a1/T1V2Y_BsAv1RXrhCrK.jpg,1299,https://www.mi.com/comment/3377.html,383408,99.5
90,7852,小米净水器1A（厨下式）白色,https://cdn.cnbj1.fds.api.mi-img.com/mi-mall/648c4899d76ed5730d5eceadbd180382.jpg,999,https://www.mi.com/comment/7852.html,74831,99.3
91,9615,小米净水器500G白色,https://cdn.cnbj0.fds.api.mi-img.com/b2c-shopapi-pms/pms_1557889538.55671770.jpg,1399,https://www.mi.com/comment/9615.html,10905,99.4
92,2392,小米净水器（厨上式）增强版,https://cdn.cnbj0.fds.api.mi-img.com/b2c-mimall-media/3054b195d55c94484df6c388ad6d854e.jpg,1499,https://www.mi.com/comment/2392.html,188562,99.8
93,2387,小米水质TDS检测笔白色,https://cdn.cnbj0.fds.api.mi-img.com/b2c-miapp-a1/T1AdJ_BTYT1RXrhCrK.jpg,39,https://www.mi.com/comment/2387.html,744099,99.9
94,11800,小米前置抑垢过滤器T型,https://cdn.cnbj0.fds.api.mi-img.com/b2c-shopapi-pms/pms_1584430376.08132041.jpg,129,https://www.mi.com/comment/11800.html,93,95.9
95,10475,米家扫拖一体机器人黑色,https://cdn.cnbj1.fds.api.mi-img.com/mi-mall/3e2a4f04bb369ba5668ab30eb336f722.jpg,1799,https://www.mi.com/comment/10475.html,53411,99.2
96,10928,米家扫拖机器人1C白色,https://cdn.cnbj0.fds.api.mi-img.com/b2c-shopapi-pms/pms_1571223747.46563922.jpg,1299,https://www.mi.com/comment/10928.html,12809,99.3
97,11943,米家扫拖机器人G1白色,https://cdn.cnbj0.fds.api.mi-img.com/b2c-shopapi-pms/pms_1587539048.5648608.jpg,999,https://www.mi.com/comment/11943.html,94,90.4
98,9527,米家扫地机器人1S白色,https://cdn.cnbj0.fds.api.mi-img.com/b2c-shopapi-pms/pms_1553760277.63282202.jpg,1699,https://www.mi.com/comment/9527.html,20011,99.6
99,4348,米家扫地机器人,https://cdn.cnbj0.fds.api.mi-img.com/b2c-miapp-a1/7e206c06-260d-592a-3253-84c3f597a7bf.jpg,1399,https://www.mi.com/comment/4348.html,423504,99.8
100,4817,米家扫地机器人主刷罩纯白色,https://cdn.cnbj0.fds.api.mi-img.com/b2c-shopapi-pms/pms_1535444513.0231748.jpg,39,https://www.mi.com/comment/4817.html,587636,99.9
101,4816,米家扫地机器人尘盒滤网纯白色,https://cdn.cnbj0.fds.api.mi-img.com/b2c-shopapi-pms/pms_1535444266.42896411.jpg,39,https://www.mi.com/comment/4816.html,587636,99.9
102,4815,米家扫地机器人边刷纯白色,https://cdn.cnbj0.fds.api.mi-img.com/b2c-shopapi-pms/pms_1535444426.79533962.jpg,29,https://www.mi.com/comment/4815.html,587636,99.9
103,4814,米家扫地机器人主刷纯白色,https://cdn.cnbj0.fds.api.mi-img.com/b2c-shopapi-pms/pms_1535444075.7451724.jpg,39,https://www.mi.com/comment/4814.html,587636,99.9
104,4347,米家扫地机器人虚拟墙棕色,https://cdn.cnbj0.fds.api.mi-img.com/b2c-shopapi-pms/pms_1557995014.49076576.jpg,39,https://www.mi.com/comment/4347.html,587636,99.9
105,11120,米家扫拖一体机配件拖布,https://cdn.cnbj0.fds.api.mi-img.com/b2c-shopapi-pms/pms_1573377996.94188526.jpg,39,https://www.mi.com/comment/11120.html,15973,99.9
106,11374,米家扫拖机器人1C配件边刷,https://cdn.cnbj0.fds.api.mi-img.com/b2c-shopapi-pms/pms_1575513122.46941194.jpg,29,https://www.mi.com/comment/11374.html,2349,99.8
107,11803,米家空气净化器F1白色,https://cdn.cnbj0.fds.api.mi-img.com/b2c-shopapi-pms/pms_1584587255.34542067.jpg,1199,https://www.mi.com/comment/11803.html,34,89.5
108,11108,米家空气净化器MAX增强版白色,https://cdn.cnbj0.fds.api.mi-img.com/b2c-shopapi-pms/pms_1574074258.80721325.jpg,1999,https://www.mi.com/comment/11108.html,3249,99.4
109,10841,米家空气净化器ProH白色,https://cdn.cnbj0.fds.api.mi-img.com/b2c-shopapi-pms/pms_1569564998.1585253.jpg,1599,https://www.mi.com/comment/10841.html,10272,99.5
110,10476,米家空气净化器3,https://cdn.cnbj0.fds.api.mi-img.com/b2c-shopapi-pms/pms_1565074581.53061893.jpg,899,https://www.mi.com/comment/10476.html,21783,99.8
111,11044,米家新风机A1150风量白色,https://cdn.cnbj0.fds.api.mi-img.com/b2c-shopapi-pms/pms_1571387828.96155069.jpg,1599,https://www.mi.com/comment/11044.html,1704,99.1
112,7229,米家空气净化器2S,https://cdn.cnbj0.fds.api.mi-img.com/b2c-miapp-a1/d5a39c5e-28e7-f4c1-57fd-59933f26032b.jpg,699,https://www.mi.com/comment/7229.html,177023,99.7
113,4802,米家空气净化器Pro,https://cdn.cnbj0.fds.api.mi-img.com/b2c-miapp-a1/b315ba2c-3dc0-1352-3fbf-b23ffad1bb0f.jpg,1099,https://www.mi.com/comment/4802.html,295114,99.8
114,9017,米家新风机白色,https://cdn.cnbj0.fds.api.mi-img.com/b2c-shopapi-pms/pms_1541418170.92952541.jpg,2399,https://www.mi.com/comment/9017.html,17789,98.8
115,11326,米家电饭煲C13L,https://cdn.cnbj0.fds.api.mi-img.com/b2c-shopapi-pms/pms_1574391572.30114650.jpg,149,https://www.mi.com/comment/11326.html,47574,99.6
116,9109,米家小饭煲白色,https://cdn.cnbj1.fds.api.mi-img.com/mi-mall/888baa6c94ee18f4dc3f4b5ee7e18fb0.jpg,169,https://www.mi.com/comment/9109.html,94144,99.7
117,9990,米家电饭煲4L白色,https://cdn.cnbj0.fds.api.mi-img.com/b2c-shopapi-pms/pms_1559728396.2634058.jpg,249,https://www.mi.com/comment/9990.html,47780,99.7
118,5500,米家IH电饭煲4L白色,https://cdn.cnbj0.fds.api.mi-img.com/b2c-shopapi-pms/pms_1586850609.02975060.jpg,449,https://www.mi.com/comment/5500.html,95293,99.7
119,4738,米家IH电饭煲3L白,https://cdn.cnbj0.fds.api.mi-img.com/b2c-shopapi-pms/pms_1586340981.89362902.jpg,349,https://www.mi.com/comment/4738.html,295176,99.8
120,9530,米家压力IH电饭煲1S白色,https://cdn.cnbj0.fds.api.mi-img.com/b2c-shopapi-pms/pms_1553764670.0369286.jpg,799,https://www.mi.com/comment/9530.html,11958,99.3
121,7528,米家电磁炉,http://i8.mifile.cn/b2c-mimall-media/7382a91d1f2611ce859bd6fd8578c994.jpg,299,https://www.mi.com/comment/7528.html,187677,99.7
122,9039,米家电磁炉青春版白色,https://cdn.cnbj0.fds.api.mi-img.com/b2c-shopapi-pms/pms_1541385807.77593960.jpg,179,https://www.mi.com/comment/9039.html,63206,99.7
123,10000207,米家电磁炉C1,https://cdn.cnbj1.fds.api.mi-img.com/mi-mall/449d2ef40d2ea8ecd374f04d88f33190.jpg,109,https://www.mi.com/comment/10000207.html,51152,99.7
124,10000206,米家电磁炉A1,https://cdn.cnbj1.fds.api.mi-img.com/mi-mall/2ab7067fb8fcce770216d9f4a4ce4838.jpg,129,https://www.mi.com/comment/10000206.html,14543,99.4
125,7530,知吾煮汤锅米家定制,http://i8.mifile.cn/b2c-mimall-media/91b546daa8c9797bb2602c236178c852.jpg,99,https://www.mi.com/comment/7530.html,163525,99.8
126,10012,米家电磁炉套装锋味定制版锋味定制版,https://cdn.cnbj0.fds.api.mi-img.com/b2c-shopapi-pms/pms_1560844524.6314944.jpg,399,https://www.mi.com/comment/10012.html,13904,99.6
127,8782,米家｜双立人不锈钢餐具刀叉勺套装,https://cdn.cnbj0.fds.api.mi-img.com/b2c-shopapi-pms/pms_1567492559.23443379.jpg,199,https://www.mi.com/comment/8782.html,853,99.6
128,11410,米家电水壶1A白色,https://cdn.cnbj0.fds.api.mi-img.com/b2c-shopapi-pms/pms_1576224734.95181382.jpg,69,https://www.mi.com/comment/11410.html,45324,99.6
129,3556,米家恒温电水壶白色,https://cdn.cnbj0.fds.api.mi-img.com/b2c-miapp-a1/991fad3a-93d2-d905-047d-794718156a6a.jpg,199,https://www.mi.com/comment/3556.html,661217,99.6
130,6419,米家电水壶白色,https://cdn.cnbj0.fds.api.mi-img.com/b2c-miapp-a1/761af25d-aebe-7568-dc6d-08e0690d69d2.png,99,https://www.mi.com/comment/6419.html,540945,99.7
131,9529,米家多功能电煮壶白色,https://cdn.cnbj0.fds.api.mi-img.com/b2c-shopapi-pms/pms_1554003519.38642131.jpg,299,https://www.mi.com/comment/9529.html,20547,99.6
132,8312,小米米家滤水壶白色,https://cdn.cnbj0.fds.api.mi-img.com/b2c-shopapi-pms/pms_1528790321.27625165.png,99,https://www.mi.com/comment/8312.html,219395,99.7
133,8313,小米米家滤水壶滤芯三支装白色,https://cdn.cnbj0.fds.api.mi-img.com/b2c-shopapi-pms/pms_1528791063.64331921.jpg,99,https://www.mi.com/comment/8313.html,219395,99.7
134,9659,米家直流变频落地扇1X白色,https://cdn.cnbj0.fds.api.mi-img.com/b2c-shopapi-pms/pms_1555985714.86057204.png,289,https://www.mi.com/comment/9659.html,63617,99.5
135,8131,米家直流变频落地扇白色,https://cdn.cnbj0.fds.api.mi-img.com/b2c-shopapi-pms/pms_1528336993.80899840.jpg,329,https://www.mi.com/comment/8131.html,76253,99.4
136,11682,米家台灯Lite白色,https://cdn.cnbj0.fds.api.mi-img.com/b2c-shopapi-pms/pms_1582881625.51379277.jpg,79,https://www.mi.com/comment/11682.html,5056,99.8
137,9744,米家充电台灯白色,https://cdn.cnbj0.fds.api.mi-img.com/b2c-shopapi-pms/pms_1558343708.65254162.jpg,89,https://www.mi.com/comment/9744.html,27817,99.9
138,9743,米家台灯1S白色,https://cdn.cnbj0.fds.api.mi-img.com/b2c-shopapi-pms/pms_1559097300.03074345.jpg,149,https://www.mi.com/comment/9743.html,52461,99.8
139,11743,米家LED灯泡蓝牙MESH版十只装,https://cdn.cnbj0.fds.api.mi-img.com/b2c-shopapi-pms/pms_1583727674.60434877.jpg,299,https://www.mi.com/comment/11743.html,55966,99.9
140,11507,米家LED灯泡蓝牙MESH版白色,https://cdn.cnbj0.fds.api.mi-img.com/b2c-shopapi-pms/pms_1578049655.79259357.jpg,29.9,https://www.mi.com/comment/11507.html,55966,99.9
141,9716,智睿LED灯泡米家定制白色,https://cdn.cnbj0.fds.api.mi-img.com/b2c-shopapi-pms/pms_1556442959.03416899.jpg,14.9,https://www.mi.com/comment/9716.html,84661,99.9
142,11041,米家吸顶灯客厅吸顶灯,https://cdn.cnbj0.fds.api.mi-img.com/b2c-shopapi-pms/pms_1571379930.81922806.jpg,749,https://www.mi.com/comment/11041.html,32383,99.5
143,11042,米家吸顶灯一室一厅套装,https://cdn.cnbj0.fds.api.mi-img.com/b2c-shopapi-pms/pms_1571390351.50262142.jpg,999,https://www.mi.com/comment/11042.html,32383,99.5
144,11043,米家吸顶灯两室一厅套装,https://cdn.cnbj0.fds.api.mi-img.com/b2c-shopapi-pms/pms_1571390411.86145584.jpg,1199,https://www.mi.com/comment/11043.html,32383,99.5
145,10935,米家飞利浦台灯2S白色,https://cdn.cnbj0.fds.api.mi-img.com/b2c-shopapi-pms/pms_1570588753.83784739.jpg,199,https://www.mi.com/comment/10935.html,10309,99.8
146,11045,米家吸顶灯三室一厅套装,https://cdn.cnbj0.fds.api.mi-img.com/b2c-shopapi-pms/pms_1571390714.42275038.jpg,1399,https://www.mi.com/comment/11045.html,32383,99.5
147,9803,飞利浦智睿吸顶灯简约版客厅80W白色,https://cdn.cnbj0.fds.api.mi-img.com/b2c-shopapi-pms/pms_1559117436.37444273.jpg,899,https://www.mi.com/comment/9803.html,5532,99.1
148,9804,飞利浦智睿吸顶灯简约版卧室40W白色,https://cdn.cnbj0.fds.api.mi-img.com/b2c-shopapi-pms/pms_1559118002.17323569.jpg,399,https://www.mi.com/comment/9804.html,9504,99.4
149,10150,飞利浦智睿吸顶灯简约版卧室28W白色,https://cdn.cnbj0.fds.api.mi-img.com/b2c-shopapi-pms/pms_1561969997.0862204.jpg,299,https://www.mi.com/comment/10150.html,7881,99.3
150,5815,飞利浦智睿吸顶灯白色,https://cdn.cnbj0.fds.api.mi-img.com/b2c-miapp-a1/72afdeec-6426-7ec0-044f-23ecd6d89b73.jpg,349,https://www.mi.com/comment/5815.html,59101,99.7
151,8106,飞利浦智睿床头灯白色,https://cdn.cnbj0.fds.api.mi-img.com/b2c-mimall-media/015406a29c57c055210fd2364ab06a07.jpg,299,https://www.mi.com/comment/8106.html,32761,99.8
152,8023,米家LED吸顶灯白色,https://cdn.cnbj0.fds.api.mi-img.com/b2c-mimall-media/4bda498c5cda5f05206dd5a61c940d8f.png,349,https://www.mi.com/comment/8023.html,44878,99.7
153,11889,米家夜灯2蓝牙版白色,https://cdn.cnbj0.fds.api.mi-img.com/b2c-shopapi-pms/pms_1585906358.48428941.jpg,59,https://www.mi.com/comment/11889.html,204,97.1
154,11506,米家LED筒灯蓝牙MESH版白色,https://cdn.cnbj0.fds.api.mi-img.com/b2c-shopapi-pms/pms_1578049690.32227017.jpg,39.9,https://www.mi.com/comment/11506.html,27529,100.0
155,9152,米家台灯Pro白色,https://cdn.cnbj0.fds.api.mi-img.com/b2c-shopapi-pms/pms_1545707508.47641362.png,299,https://www.mi.com/comment/9152.html,26767,99.8
156,7805,小米插线板（含3口USB2A快充）白色,https://cdn.cnbj0.fds.api.mi-img.com/b2c-shopapi-pms/pms_1528698828.42759625.jpg,49,https://www.mi.com/comment/7805.html,331854,99.8
157,4888,米家插线板6位基础版（含3口USB2A快充）纯白色,https://cdn.cnbj0.fds.api.mi-img.com/b2c-shopapi-pms/pms_1524207523.33035554.jpg,79,https://www.mi.com/comment/4888.html,325127,99.9
158,7594,米家插线板3位基础版白色,https://cdn.cnbj0.fds.api.mi-img.com/b2c-shopapi-pms/pms_1529568012.81221445.jpg,29.9,https://www.mi.com/comment/7594.html,108484,99.8
159,5857,小米插线板（5位国标组合插孔）纯白色,https://cdn.cnbj0.fds.api.mi-img.com/b2c-shopapi-pms/pms_1524207827.58764119.jpg,39,https://www.mi.com/comment/5857.html,210401,99.9
160,7591,米家四位四控插线板白色,http://i8.mifile.cn/b2c-mimall-media/f171a632c704158df97b414188969831.jpg,89,https://www.mi.com/comment/7591.html,69119,99.7
161,9762,米家四位四控插线板白色,https://cdn.cnbj0.fds.api.mi-img.com/b2c-shopapi-pms/pms_1557474791.84184829.jpg,49,https://www.mi.com/comment/9762.html,13244,99.8
162,10817,米家魔方转换器有线版,https://cdn.cnbj0.fds.api.mi-img.com/b2c-shopapi-pms/pms_1571660595.33144009.jpg,59,https://www.mi.com/comment/10817.html,137251,99.8
163,11595,米家二位二控转换器白色,https://cdn.cnbj0.fds.api.mi-img.com/b2c-shopapi-pms/pms_1581323424.73836579.jpg,29.9,https://www.mi.com/comment/11595.html,4759,99.8
164,7592,米家二位转换器白色,http://i8.mifile.cn/b2c-mimall-media/bf5d6b45f0b7c259c73cfc121f66d06d.jpg,44.9,https://www.mi.com/comment/7592.html,111776,99.9
165,11044,米家新风机A1150风量白色,https://cdn.cnbj0.fds.api.mi-img.com/b2c-shopapi-pms/pms_1571387828.96155069.jpg,1599,https://www.mi.com/comment/11044.html,1704,99.1
166,9017,米家新风机白色,https://cdn.cnbj0.fds.api.mi-img.com/b2c-shopapi-pms/pms_1541418170.92952541.jpg,2399,https://www.mi.com/comment/9017.html,17789,98.8
167,9992,米家新风机除臭氧滤芯黑色,https://cdn.cnbj0.fds.api.mi-img.com/b2c-shopapi-pms/pms_1559796460.19665819.jpg,149,https://www.mi.com/comment/9992.html,805,99.4
168,9403,米家新风机高效滤芯白色,https://cdn.cnbj0.fds.api.mi-img.com/b2c-shopapi-pms/pms_1550717045.75553829.jpg,169,https://www.mi.com/comment/9403.html,3285,99.7
169,11403,米家新风机A1复合滤芯蓝色,https://cdn.cnbj1.fds.api.mi-img.com/mi-mall/f46eec16025ebc68fa997fcb2d7416f9.jpg,219,https://www.mi.com/comment/11403.html,112,99.1
170,9292,米家新风机中效滤芯白色,https://cdn.cnbj0.fds.api.mi-img.com/b2c-shopapi-pms/pms_1548841793.85469073.jpg,89,https://www.mi.com/comment/9292.html,6913,99.9
171,10831,米家电暖器温控版白色,https://cdn.cnbj0.fds.api.mi-img.com/b2c-shopapi-pms/pms_1569320171.49398978.jpg,299,https://www.mi.com/comment/10831.html,26811,99.6
172,11086,米家智能电暖器白色,https://cdn.cnbj0.fds.api.mi-img.com/b2c-shopapi-pms/pms_1572259717.60818437.jpg,399,https://www.mi.com/comment/11086.html,13933,99.5
173,11061,米家踢脚线电暖器白色,https://cdn.cnbj0.fds.api.mi-img.com/b2c-shopapi-pms/pms_1572315753.91481212.jpg,599,https://www.mi.com/comment/11061.html,7128,99.2
174,9408,米家破壁料理机白色,https://cdn.cnbj0.fds.api.mi-img.com/b2c-shopapi-pms/pms_1553677858.28441683.jpg,599,https://www.mi.com/comment/9408.html,30363,99.1
175,10906,米家料理机白色,https://cdn.cnbj0.fds.api.mi-img.com/b2c-shopapi-pms/pms_1569479764.88251321.jpg,149,https://www.mi.com/comment/10906.html,6988,99.6
176,10382,米家便携榨汁机白色,https://cdn.cnbj0.fds.api.mi-img.com/b2c-shopapi-pms/pms_1570606397.72327920.jpg,99,https://www.mi.com/comment/10382.html,30087,99.7
177,11449,小米手表ColorKeithHaring联名定制款,https://cdn.cnbj0.fds.api.mi-img.com/b2c-shopapi-pms/pms_1587956504.68283513.jpg,899,https://www.mi.com/comment/11449.html,19430,99.0
178,11605,小米手表标准版,https://cdn.cnbj0.fds.api.mi-img.com/b2c-shopapi-pms/pms_1581834069.19797450.jpg,1199,https://www.mi.com/comment/11605.html,41167,97.9
179,12022,Amazfit米动手表青春版1S碳黑,https://cdn.cnbj1.fds.api.mi-img.com/mi-mall/f9c6c7ccc4ebe15f6d3da05c98a9cc14.jpg,369,https://www.mi.com/comment/12022.html,36,97.3
180,11822,米兔儿童学习手表4粉色,https://cdn.cnbj0.fds.api.mi-img.com/b2c-shopapi-pms/pms_1585722752.06264395.jpg,879,https://www.mi.com/comment/11822.html,188,97.4
181,11482,小米手表Color表带典雅黑,https://cdn.cnbj0.fds.api.mi-img.com/b2c-shopapi-pms/pms_1578017248.70482425.jpg,69,https://www.mi.com/comment/11482.html,9430,99.6
182,11484,小米手表Color充电座黑色,https://cdn.cnbj0.fds.api.mi-img.com/b2c-shopapi-pms/pms_1578018096.5289602.jpg,39,https://www.mi.com/comment/11484.html,1810,99.9
183,11607,小米手表充电底座黑色,https://cdn.cnbj0.fds.api.mi-img.com/b2c-shopapi-pms/pms_1581835638.30999641.jpg,39,https://www.mi.com/comment/11607.html,445,99.8
184,11606,小米手表表带典雅黑,https://cdn.cnbj0.fds.api.mi-img.com/b2c-shopapi-pms/pms_1582621126.88932653.jpg,99,https://www.mi.com/comment/11606.html,273,98.9
185,11479,米兔儿童学习手表4Pro蓝色,https://cdn.cnbj0.fds.api.mi-img.com/b2c-shopapi-pms/pms_1578297064.431877.jpg,1199,https://www.mi.com/comment/11479.html,1377,98.6
186,11318,米兔儿童电话手表2S红色,https://cdn.cnbj0.fds.api.mi-img.com/b2c-shopapi-pms/pms_1574233460.05887933.jpg,169,https://www.mi.com/comment/11318.html,17768,99.4
187,10327,米兔儿童电话手表3C4G粉色,https://cdn.cnbj0.fds.api.mi-img.com/b2c-shopapi-pms/pms_1564390489.8669887.jpg,379,https://www.mi.com/comment/10327.html,76408,99.2
188,10308,玺佳机械表·T系列太空TR90黑色,https://cdn.cnbj0.fds.api.mi-img.com/b2c-shopapi-pms/pms_1573198113.13787281.jpg,599,https://www.mi.com/comment/10308.html,9610,97.9
189,11385,米家石英表经典版白色,https://cdn.cnbj0.fds.api.mi-img.com/b2c-shopapi-pms/pms_1575965159.84044895.jpg,199,https://www.mi.com/comment/11385.html,5454,99.4
190,8625,米家石英表白色,https://cdn.cnbj0.fds.api.mi-img.com/b2c-shopapi-pms/pms_1531448937.8625685.jpg,299,https://www.mi.com/comment/8625.html,146067,99.3
191,8625,米家石英表白色,https://cdn.cnbj0.fds.api.mi-img.com/b2c-shopapi-pms/pms_1531448937.8625685.jpg,299,https://www.mi.com/comment/8625.html,146067,99.3
192,9997,小米手环4石墨黑,https://cdn.cnbj0.fds.api.mi-img.com/b2c-shopapi-pms/pms_1560151939.71121260.png,169,https://www.mi.com/comment/9997.html,546824,99.8
193,9995,小米手环4NFC版黑色,https://cdn.cnbj0.fds.api.mi-img.com/b2c-shopapi-pms/pms_1560238127.40319869.png,199,https://www.mi.com/comment/9995.html,412701,99.7
194,9996,小米手环4专用充电线黑色,https://cdn.cnbj0.fds.api.mi-img.com/b2c-shopapi-pms/pms_1560157375.29285125.jpg,19.9,https://www.mi.com/comment/9996.html,20935,99.9
195,8202,小米VR一体机白色,https://cdn.cnbj0.fds.api.mi-img.com/b2c-shopapi-pms/pms_1527775818.3122066.png,1499,https://www.mi.com/comment/8202.html,14049,98.8
196,8967,小米VR一体机超级玩家版白,https://cdn.cnbj0.fds.api.mi-img.com/b2c-shopapi-pms/pms_1554738222.83651040.jpg,1799,https://www.mi.com/comment/8967.html,4285,98.9
197,9871,小米头戴影院白色,https://cdn.cnbj0.fds.api.mi-img.com/b2c-shopapi-pms/pms_1559010759.91433673.jpg,1299,https://www.mi.com/comment/9871.html,3722,98.3
198,10085,九号平衡车改装套件白色,https://cdn.cnbj0.fds.api.mi-img.com/b2c-shopapi-pms/pms_1560764684.73552638.jpg,2999,https://www.mi.com/comment/10085.html,746,99.3
199,10013,九号平衡车燃动版米家定制黑色,https://cdn.cnbj0.fds.api.mi-img.com/b2c-shopapi-pms/pms_1560510426.98522616.jpg,2299,https://www.mi.com/comment/10013.html,2032,99.8
200,2774,九号平衡车白色,https://cdn.cnbj0.fds.api.mi-img.com/b2c-miapp-a1/T1xVE_Bydv1RXrhCrK.jpg,1999,https://www.mi.com/comment/2774.html,322276,99.8
201,6079,九号平衡车Plus白色,https://cdn.cnbj0.fds.api.mi-img.com/b2c-miapp-a1/877d3ce8-68ab-7506-2a78-55a8c0fba946.png,3499,https://www.mi.com/comment/6079.html,15879,99.5
202,9598,米家头盔护具套装黑色,https://cdn.cnbj0.fds.api.mi-img.com/b2c-shopapi-pms/pms_1553910315.37056871.jpg,199,https://www.mi.com/comment/9598.html,1530,99.9
203,7186,小米云台相机白色,https://cdn.cnbj0.fds.api.mi-img.com/b2c-miapp-a1/ac4b80c2-fd68-e50a-3930-32da901784c0.jpg,299,https://www.mi.com/comment/7186.html,2038,98.8
204,11916,小米米家电动滑板车1S白色,https://cdn.cnbj0.fds.api.mi-img.com/b2c-shopapi-pms/pms_1586937333.45342874.jpg,1999,https://www.mi.com/comment/11916.html,31,93.9
205,9285,小米米家电动滑板车Pro黑色,https://cdn.cnbj0.fds.api.mi-img.com/b2c-shopapi-pms/pms_1548839084.47893777.jpg,2799,https://www.mi.com/comment/9285.html,2880,98.9
206,4984,小米米家电动滑板车黑色,https://cdn.cnbj0.fds.api.mi-img.com/b2c-miapp-a1/768992ca-4136-92f1-244a-0194a81a6360.jpg,1999,https://www.mi.com/comment/4984.html,74151,99.2
207,8107,米兔儿童滑板车蓝,https://cdn.cnbj0.fds.api.mi-img.com/b2c-shopapi-pms/pms_1553484007.64174630.jpg,219,https://www.mi.com/comment/8107.html,43825,99.8
208,10085,九号平衡车改装套件白色,https://cdn.cnbj0.fds.api.mi-img.com/b2c-shopapi-pms/pms_1560764684.73552638.jpg,2999,https://www.mi.com/comment/10085.html,746,99.3
209,2774,九号平衡车白色,https://cdn.cnbj0.fds.api.mi-img.com/b2c-miapp-a1/T1xVE_Bydv1RXrhCrK.jpg,1999,https://www.mi.com/comment/2774.html,322276,99.8
210,6079,九号平衡车Plus白色,https://cdn.cnbj0.fds.api.mi-img.com/b2c-miapp-a1/877d3ce8-68ab-7506-2a78-55a8c0fba946.png,3499,https://www.mi.com/comment/6079.html,15879,99.5
211,10013,九号平衡车燃动版米家定制黑色,https://cdn.cnbj0.fds.api.mi-img.com/b2c-shopapi-pms/pms_1560510426.98522616.jpg,2299,https://www.mi.com/comment/10013.html,2032,99.8
212,7186,小米云台相机白色,https://cdn.cnbj0.fds.api.mi-img.com/b2c-miapp-a1/ac4b80c2-fd68-e50a-3930-32da901784c0.jpg,299,https://www.mi.com/comment/7186.html,2038,98.8
213,9598,米家头盔护具套装黑色,https://cdn.cnbj0.fds.api.mi-img.com/b2c-shopapi-pms/pms_1553910315.37056871.jpg,199,https://www.mi.com/comment/9598.html,1530,99.9
214,4984,小米米家电动滑板车黑色,https://cdn.cnbj0.fds.api.mi-img.com/b2c-miapp-a1/768992ca-4136-92f1-244a-0194a81a6360.jpg,1999,https://www.mi.com/comment/4984.html,74151,99.2
215,8107,米兔儿童滑板车蓝,https://cdn.cnbj0.fds.api.mi-img.com/b2c-shopapi-pms/pms_1553484007.64174630.jpg,219,https://www.mi.com/comment/8107.html,43825,99.8
216,11916,小米米家电动滑板车1S白色,https://cdn.cnbj0.fds.api.mi-img.com/b2c-shopapi-pms/pms_1586937333.45342874.jpg,1999,https://www.mi.com/comment/11916.html,31,93.9
217,9285,小米米家电动滑板车Pro黑色,https://cdn.cnbj0.fds.api.mi-img.com/b2c-shopapi-pms/pms_1548839084.47893777.jpg,2799,https://www.mi.com/comment/9285.html,2880,98.9
218,5942,小米车载充电器快充版银色,https://cdn.cnbj0.fds.api.mi-img.com/b2c-miapp-a1/e6d588af-1265-3bc9-f4a1-8d9da2cff89b.jpg,69,https://www.mi.com/comment/5942.html,229832,99.9
219,7792,小米智能后视镜黑,https://cdn.cnbj0.fds.api.mi-img.com/b2c-shopapi-pms/pms_1586947631.03424473.jpg,899,https://www.mi.com/comment/7792.html,39868,98.8
220,8104,小米后视镜记录仪黑,https://cdn.cnbj0.fds.api.mi-img.com/b2c-shopapi-pms/pms_1586855094.03756665.jpg,349,https://www.mi.com/comment/8104.html,98789,99.2
221,8143,70迈高清倒车影像摄像头黑色,https://cdn.cnbj0.fds.api.mi-img.com/b2c-mimall-media/5e58fbcf84e8c7b37649b3e450dcff1d.jpg,99,https://www.mi.com/comment/8143.html,56122,98.9
222,8104,小米后视镜记录仪黑,https://cdn.cnbj0.fds.api.mi-img.com/b2c-shopapi-pms/pms_1586855094.03756665.jpg,349,https://www.mi.com/comment/8104.html,98789,99.2
223,8871,小米记录仪1S黑,https://cdn.cnbj0.fds.api.mi-img.com/b2c-shopapi-pms/pms_1586854925.25218060.jpg,299,https://www.mi.com/comment/8871.html,72871,99.4
224,7792,小米智能后视镜黑,https://cdn.cnbj0.fds.api.mi-img.com/b2c-shopapi-pms/pms_1586947631.03424473.jpg,899,https://www.mi.com/comment/7792.html,39868,98.8
225,8143,70迈高清倒车影像摄像头黑色,https://cdn.cnbj0.fds.api.mi-img.com/b2c-mimall-media/5e58fbcf84e8c7b37649b3e450dcff1d.jpg,99,https://www.mi.com/comment/8143.html,56122,98.9
226,10308,玺佳机械表·T系列太空TR90黑色,https://cdn.cnbj0.fds.api.mi-img.com/b2c-shopapi-pms/pms_1573198113.13787281.jpg,599,https://www.mi.com/comment/10308.html,9610,97.9
227,11385,米家石英表经典版白色,https://cdn.cnbj0.fds.api.mi-img.com/b2c-shopapi-pms/pms_1575965159.84044895.jpg,199,https://www.mi.com/comment/11385.html,5454,99.4
228,8625,米家石英表白色,https://cdn.cnbj0.fds.api.mi-img.com/b2c-shopapi-pms/pms_1531448937.8625685.jpg,299,https://www.mi.com/comment/8625.html,146067,99.3
229,10722,小米口袋照片打印机白色,https://cdn.cnbj1.fds.api.mi-img.com/mi-mall/f7bd12cf70be3e7ac8bf4c36e43acd17.jpg,329,https://www.mi.com/comment/10722.html,20514,99.4
230,9107,小米米家照片打印机白色,https://cdn.cnbj1.fds.api.mi-img.com/mi-mall/906df61431e627a11c1e784256863cab.jpg,499,https://www.mi.com/comment/9107.html,78713,99.5
231,9993,小米米家照片打印机特惠套装白色,https://cdn.cnbj1.fds.api.mi-img.com/mi-mall/dcc8c6179b0c75ff10189bf913dba057.jpg,629,https://www.mi.com/comment/9993.html,9716,99.6
232,10726,小米口袋打印即贴相纸20张,https://cdn.cnbj0.fds.api.mi-img.com/b2c-shopapi-pms/pms_1569206174.18327398.jpg,39,https://www.mi.com/comment/10726.html,20171,99.8
233,9932,小米米家照片打印机彩色相纸套装40张,https://cdn.cnbj0.fds.api.mi-img.com/b2c-shopapi-pms/pms_1559124291.51352878.jpg,59,https://www.mi.com/comment/9932.html,111144,99.9
234,9710,MIJOY6寸相框摆台白色,https://cdn.cnbj0.fds.api.mi-img.com/b2c-shopapi-pms/pms_1565334856.05187680.jpg,9.9,https://www.mi.com/comment/9710.html,38469,99.9
235,10780,小米米家喷墨打印机白色,https://cdn.cnbj0.fds.api.mi-img.com/b2c-shopapi-pms/pms_1568186956.80078991.jpg,999,https://www.mi.com/comment/10780.html,11480,98.7
236,10779,喷墨打印机墨水洋红色,https://cdn.cnbj0.fds.api.mi-img.com/b2c-shopapi-pms/pms_1568184680.43035340.jpg,39,https://www.mi.com/comment/10779.html,10015,100.0
237,11588,小米AIoT路由器AX3600黑色,https://cdn.cnbj0.fds.api.mi-img.com/b2c-shopapi-pms/pms_1581411766.33688586.jpg,599,https://www.mi.com/comment/11588.html,7026,97.6
238,11373,Redmi路由器AC2100白色,https://cdn.cnbj0.fds.api.mi-img.com/b2c-shopapi-pms/pms_1575364048.00449310.jpg,169,https://www.mi.com/comment/11373.html,64961,99.0
239,10812,小米路由器AC2100黑色,https://cdn.cnbj0.fds.api.mi-img.com/b2c-shopapi-pms/pms_1568604846.50875239.jpg,229,https://www.mi.com/comment/10812.html,59585,99.3
240,9452,小米路由器Mesh（两只装）白色,https://cdn.cnbj0.fds.api.mi-img.com/b2c-shopapi-pms/pms_1557490451.12382394.jpg,999,https://www.mi.com/comment/9452.html,10298,99.2
241,9468,小米路由器4A千兆版,https://cdn.cnbj0.fds.api.mi-img.com/b2c-shopapi-pms/pms_1552376822.09637089.jpg,129,https://www.mi.com/comment/9468.html,176727,99.4
242,8645,小米路由器4C白色,https://cdn.cnbj0.fds.api.mi-img.com/b2c-mimall-media/d476bc82dbb8e04cfbd4191bb5099ac0.jpg,59,https://www.mi.com/comment/8645.html,258105,99.6
243,9464,小米路由器4A纯白色,https://cdn.cnbj0.fds.api.mi-img.com/b2c-shopapi-pms/pms_1558927605.77414956.jpg,99,https://www.mi.com/comment/9464.html,70055,99.4
244,5501,电力猫套装,https://cdn.cnbj0.fds.api.mi-img.com/b2c-miapp-a1/7fe00029-d6c0-a048-5deb-8df1fc86a1b4.jpg,229,https://www.mi.com/comment/5501.html,115057,99.6
245,6298,小米WiFi放大器Pro黑色,https://cdn.cnbj0.fds.api.mi-img.com/b2c-miapp-a1/9085cddd-530a-0bf0-8b09-74e96fa97cc9.jpg,59,https://www.mi.com/comment/6298.html,445049,99.6
246,8105,小米路由器4,https://cdn.cnbj0.fds.api.mi-img.com/b2c-shopapi-pms/pms_1532340112.44581128.png,199,https://www.mi.com/comment/8105.html,234922,99.4
247,5708,米家智能家庭礼品装白色,https://cdn.cnbj0.fds.api.mi-img.com/b2c-miapp-a1/3d18439a-bfa5-3146-0eff-0904b143137a.jpg,329,https://www.mi.com/comment/5708.html,75684,99.8
248,11383,小米智能多模网关白,https://cdn.cnbj0.fds.api.mi-img.com/b2c-shopapi-pms/pms_1587353000.46165283.jpg,129,https://www.mi.com/comment/11383.html,11070,99.6
249,9125,小米米家智能插座WiFi版白色,https://cdn.cnbj0.fds.api.mi-img.com/b2c-shopapi-pms/pms_1543975478.91979978.jpg,39,https://www.mi.com/comment/9125.html,119805,99.8
250,9726,米家空调伴侣2白色,https://cdn.cnbj0.fds.api.mi-img.com/b2c-shopapi-pms/pms_1556521908.27222306.jpg,69,https://www.mi.com/comment/9726.html,69278,99.7
251,11387,小米光照传感器白,https://cdn.cnbj0.fds.api.mi-img.com/b2c-shopapi-pms/pms_1587353129.89467345.jpg,49,https://www.mi.com/comment/11387.html,2449,99.4
252,9542,米家电子温湿度计Pro,https://cdn.cnbj0.fds.api.mi-img.com/b2c-shopapi-pms/pms_1553766071.54459183.jpg,79,https://www.mi.com/comment/9542.html,116533,99.9
253,5005,小米人体传感器白,https://cdn.cnbj0.fds.api.mi-img.com/b2c-shopapi-pms/pms_1587709844.682716.jpg,49,https://www.mi.com/comment/5005.html,172312,99.9
254,5010,小米门窗传感器白,https://cdn.cnbj0.fds.api.mi-img.com/b2c-shopapi-pms/pms_1587709645.7296823.jpg,39,https://www.mi.com/comment/5010.html,275134,99.9
255,5305,天然气报警器白色,https://cdn.cnbj0.fds.api.mi-img.com/b2c-miapp-a1/c573194b-1358-417c-b952-98c3d776f613.jpg,179,https://www.mi.com/comment/5305.html,78562,99.8
256,5306,烟雾报警器白色,https://cdn.cnbj0.fds.api.mi-img.com/b2c-miapp-a1/88b1ba54-28ee-cefa-88fa-7ab7ea3ae6f4.jpg,129,https://www.mi.com/comment/5306.html,75336,99.9
257,8790,小米小爱智能闹钟白色,https://cdn.cnbj0.fds.api.mi-img.com/b2c-mimall-media/b9ed4f0f0bc26f45ddc1b72f7fede673.jpg,139,https://www.mi.com/comment/8790.html,121524,99.6
258,9334,小米小爱触屏音箱白色,https://cdn.cnbj0.fds.api.mi-img.com/b2c-shopapi-pms/pms_1550719656.70567332.jpg,199,https://www.mi.com/comment/9334.html,226032,99.6
259,9536,小米小爱音箱万能遥控版黑色,https://cdn.cnbj0.fds.api.mi-img.com/b2c-shopapi-pms/pms_1553484236.82631752.jpg,149,https://www.mi.com/comment/9536.html,74742,99.5
260,9151,小米小爱音箱HD浅灰色,https://cdn.cnbj1.fds.api.mi-img.com/mi-mall/93ef574280f48c407b6e7643c2b2636e.jpg,599,https://www.mi.com/comment/9151.html,36885,99.3
261,6334,小米AI音箱,https://cdn.cnbj0.fds.api.mi-img.com/b2c-mimall-media/e277547c6e3329303dd2c20a327424c4.jpg,229,https://www.mi.com/comment/6334.html,1133741,99.8
262,9011,小米小爱蓝牙音箱随身版白色,https://cdn.cnbj0.fds.api.mi-img.com/b2c-mimall-media/321610e787393c42e5cb2e5730a7681d.jpg,39,https://www.mi.com/comment/9011.html,216344,99.5
263,9550,小米对讲机2黑色,https://cdn.cnbj0.fds.api.mi-img.com/b2c-shopapi-pms/pms_1587869471.72912209.jpg,449,https://www.mi.com/comment/9550.html,3839,99.3
264,8914,小米对讲机1S白色,https://cdn.cnbj0.fds.api.mi-img.com/b2c-shopapi-pms/pms_1586947325.30562003.jpg,249,https://www.mi.com/comment/8914.html,19731,99.6
265,11826,小米智能摄像机云台版Pro白色,https://cdn.cnbj0.fds.api.mi-img.com/b2c-shopapi-pms/pms_1585135303.51659454.jpg,249,https://www.mi.com/comment/11826.html,468,91.2
266,11827,小米智能摄像机云台版2K白色,https://cdn.cnbj0.fds.api.mi-img.com/b2c-shopapi-pms/pms_1585726990.53483384.jpg,199,https://www.mi.com/comment/11827.html,580,90.6
267,11478,小米智能摄像机标准版白色,https://cdn.cnbj0.fds.api.mi-img.com/b2c-shopapi-pms/pms_1583207738.0154597.jpg,99,https://www.mi.com/comment/11478.html,10485,97.3
268,8835,小米小白智能摄像机增强版白,https://cdn.cnbj0.fds.api.mi-img.com/b2c-shopapi-pms/pms_1587353603.90366212.jpg,369,https://www.mi.com/comment/8835.html,48267,99.0
269,8026,小米智能摄像机云台版白,https://cdn.cnbj0.fds.api.mi-img.com/b2c-shopapi-pms/pms_1567393585.49577260.jpg,199,https://www.mi.com/comment/8026.html,477749,99.3
270,9962,小白智能摄像机电池版白色,https://cdn.cnbj1.fds.api.mi-img.com/mi-mall/933233908ecbf3359440a20e3ac6b3f3.jpg,399,https://www.mi.com/comment/9962.html,14551,99.2
271,8390,小米米家智能摄像机白色,https://cdn.cnbj0.fds.api.mi-img.com/b2c-shopapi-pms/pms_1531132647.86213611.jpg,129,https://www.mi.com/comment/8390.html,155911,99.6
272,5051,小米支架式自拍杆雅黑色,https://cdn.cnbj1.fds.api.mi-img.com/mi-mall/896f5dc7627a5c810aa82787665ddb4f.jpg,79,https://www.mi.com/comment/5051.html,307254,99.8
273,10000155,小米米家智能门锁,https://cdn.cnbj1.fds.api.mi-img.com/mi-mall/a0d9a1eee536e780f0862827dc5804d8.jpg,1299,https://www.mi.com/comment/10000155.html,150632,99.2
274,10025,米家智能门锁推拉式通用版,https://cdn.cnbj0.fds.api.mi-img.com/b2c-shopapi-pms/pms_1560158562.71434641.jpg,1699,https://www.mi.com/comment/10025.html,19235,98.8
275,10345,小米米家智能门锁青春版左开门,https://cdn.cnbj0.fds.api.mi-img.com/b2c-shopapi-pms/pms_1585812571.73923545.png,999,https://www.mi.com/comment/10345.html,14770,99.2
276,11723,智能门铃2黑色,https://cdn.cnbj0.fds.api.mi-img.com/b2c-shopapi-pms/pms_1583396453.67216261.jpg,199,https://www.mi.com/comment/11723.html,419,89.1
277,11724,智能门铃2Lite黑色,https://cdn.cnbj0.fds.api.mi-img.com/b2c-shopapi-pms/pms_1585220364.86446014.png,99,https://www.mi.com/comment/11724.html,205,94.0
278,11724,智能门铃2Lite黑色,https://cdn.cnbj0.fds.api.mi-img.com/b2c-shopapi-pms/pms_1585220364.86446014.png,99,https://www.mi.com/comment/11724.html,205,94.0
279,11723,智能门铃2黑色,https://cdn.cnbj0.fds.api.mi-img.com/b2c-shopapi-pms/pms_1583396453.67216261.jpg,199,https://www.mi.com/comment/11723.html,419,89.1
280,11381,小米智能猫眼黑色,https://cdn.cnbj0.fds.api.mi-img.com/b2c-shopapi-pms/pms_1577181574.56671020.jpg,499,https://www.mi.com/comment/11381.html,17845,99.4
281,9828,小米小爱老师白色,https://cdn.cnbj0.fds.api.mi-img.com/b2c-shopapi-pms/pms_1560222533.85047588.jpg,425,https://www.mi.com/comment/9828.html,46692,99.7
282,9849,小米小爱老师4G版白色,https://cdn.cnbj0.fds.api.mi-img.com/b2c-shopapi-pms/pms_1560222640.90428593.jpg,895,https://www.mi.com/comment/9849.html,17619,99.4
283,11810,Redmi小爱触屏音箱8白色,https://cdn.cnbj0.fds.api.mi-img.com/b2c-shopapi-pms/pms_1584930592.94895287.jpg,349,https://www.mi.com/comment/11810.html,1291,95.2
284,11376,小米小爱触屏音箱Pro8,https://cdn.cnbj1.fds.api.mi-img.com/mi-mall/8c52f60113b2e235544abca95d6687f4.jpg,599,https://www.mi.com/comment/11376.html,16092,99.4
285,11369,Redmi小爱音箱Play白色,https://cdn.cnbj0.fds.api.mi-img.com/b2c-shopapi-pms/pms_1575427252.04796744.jpg,69,https://www.mi.com/comment/11369.html,57554,99.8
286,9334,小米小爱触屏音箱白色,https://cdn.cnbj0.fds.api.mi-img.com/b2c-shopapi-pms/pms_1550719656.70567332.jpg,199,https://www.mi.com/comment/9334.html,226032,99.6
287,10745,小米小爱音箱Pro黑色,https://cdn.cnbj0.fds.api.mi-img.com/b2c-shopapi-pms/pms_1568617574.69725219.jpg,299,https://www.mi.com/comment/10745.html,47234,99.6
288,10015,小米小爱音箱Play（白色）量产版白色,https://cdn.cnbj0.fds.api.mi-img.com/b2c-shopapi-pms/pms_1560230039.28979252.jpg,89,https://www.mi.com/comment/10015.html,202040,99.7
289,9536,小米小爱音箱万能遥控版黑色,https://cdn.cnbj0.fds.api.mi-img.com/b2c-shopapi-pms/pms_1553484236.82631752.jpg,149,https://www.mi.com/comment/9536.html,74742,99.5
290,9151,小米小爱音箱HD浅灰色,https://cdn.cnbj1.fds.api.mi-img.com/mi-mall/93ef574280f48c407b6e7643c2b2636e.jpg,599,https://www.mi.com/comment/9151.html,36885,99.3
291,6334,小米AI音箱,https://cdn.cnbj0.fds.api.mi-img.com/b2c-mimall-media/e277547c6e3329303dd2c20a327424c4.jpg,229,https://www.mi.com/comment/6334.html,1133741,99.8
292,7832,小爱音箱mini白色,https://cdn.cnbj0.fds.api.mi-img.com/b2c-mimall-media/2b68ff304061d1e8bec551b26879db13.jpg,169,https://www.mi.com/comment/7832.html,398866,99.7
293,10744,小米小爱音箱白色,https://cdn.cnbj0.fds.api.mi-img.com/b2c-shopapi-pms/pms_1568616753.58243142.jpg,249,https://www.mi.com/comment/10744.html,12793,99.6
294,10707,小爱音箱Play+米家飞利浦彩光灯泡套装,https://cdn.cnbj0.fds.api.mi-img.com/b2c-shopapi-pms/pms_1567480714.19846959.jpg,168,https://www.mi.com/comment/10707.html,209062,99.7
295,9011,小米小爱蓝牙音箱随身版白色,https://cdn.cnbj0.fds.api.mi-img.com/b2c-mimall-media/321610e787393c42e5cb2e5730a7681d.jpg,39,https://www.mi.com/comment/9011.html,216344,99.5
296,10617,小米小爱音箱Play+米家台灯1S套装,https://cdn.cnbj0.fds.api.mi-img.com/b2c-shopapi-pms/pms_1567593445.06061442.jpg,278,https://www.mi.com/comment/10617.html,254505,99.7
297,10619,小爱音箱+米家飞利浦智睿吸顶灯套装,https://cdn.cnbj0.fds.api.mi-img.com/b2c-shopapi-pms/pms_1567480765.82915089.jpg,598,https://www.mi.com/comment/10619.html,1192842,99.8
298,4998,小米移动电源10000mAh高配金色,https://cdn.cnbj0.fds.api.mi-img.com/b2c-miapp-a1/886398bf-4a47-4e74-e7f9-cbd7528e6e32.jpg,149,https://www.mi.com/comment/4998.html,565737,99.8
299,10721,小米无线充电宝青春版10000mAh白色,https://cdn.cnbj0.fds.api.mi-img.com/b2c-shopapi-pms/pms_1568083247.368995.jpg,129,https://www.mi.com/comment/10721.html,41100,99.8
300,10317,Redmi充电宝10000mAh白色,https://cdn.cnbj0.fds.api.mi-img.com/b2c-shopapi-pms/pms_1563334968.4986834.jpg,59,https://www.mi.com/comment/10317.html,221700,99.9
301,10318,Redmi充电宝20000mAh白色,https://cdn.cnbj0.fds.api.mi-img.com/b2c-shopapi-pms/pms_1563355921.93119865.jpg,99,https://www.mi.com/comment/10318.html,109188,99.8
302,9118,小米二合一移动电源（充电器）白色,https://cdn.cnbj0.fds.api.mi-img.com/b2c-mimall-media/78c1f148b9089d89544d87a16780ab4b.jpg,99,https://www.mi.com/comment/9118.html,41336,99.7
303,11569,小米移动电源310000mAh超级闪充版（50W）​黑色,https://cdn.cnbj0.fds.api.mi-img.com/b2c-shopapi-pms/pms_1581575905.86485343.jpg,249,https://www.mi.com/comment/11569.html,2355,99.4
304,9143,小米移动电源320000mAh高配版黑色,https://cdn.cnbj0.fds.api.mi-img.com/b2c-mimall-media/dd3e09711ecbad298d913997b4e02b35.jpg,199,https://www.mi.com/comment/9143.html,98711,99.7
305,11174,小米移动电源320000mAhUSB-C双向快充版白色,https://cdn.cnbj0.fds.api.mi-img.com/b2c-shopapi-pms/pms_1572510715.11624812.jpg,129,https://www.mi.com/comment/11174.html,77926,97.9
306,11114,小米移动电源310000mAh快充版银色,https://cdn.cnbj0.fds.api.mi-img.com/b2c-shopapi-pms/pms_1572579555.84564766.jpg,79,https://www.mi.com/comment/11114.html,75564,98.2
307,7607,小米移动电源2(5000mAh版)银色,https://cdn.cnbj0.fds.api.mi-img.com/b2c-shopapi-pms/pms_1515404353.30152325.jpg,49,https://www.mi.com/comment/7607.html,226954,99.8
308,9140,小米移动电源310000mAhUSB-C双向快充版银色,https://cdn.cnbj0.fds.api.mi-img.com/b2c-shopapi-pms/pms_1552372948.24196473.jpg,99,https://www.mi.com/comment/9140.html,102736,99.8
309,6271,小米随身手电筒白色,https://cdn.cnbj0.fds.api.mi-img.com/b2c-miapp-a1/e02a6ba6-5ce8-da32-c3b5-b189909843c9.jpg,79,https://www.mi.com/comment/6271.html,224217,99.8
310,10641,黑鲨双向快充移动电源黑色,https://cdn.cnbj1.fds.api.mi-img.com/mi-mall/5ec71ad246be55dd1aebcfae8a0d22ba.jpeg,119,https://www.mi.com/comment/10641.html,3538,99.5
311,10295,小米USB-C数据线普通版100CM白色,https://cdn.cnbj0.fds.api.mi-img.com/b2c-shopapi-pms/pms_1562931178.58958259.jpg,9.9,https://www.mi.com/comment/10295.html,68429,99.6
312,9451,ZMIUSBCable（1m苹果普通数据线）白色,https://cdn.cnbj0.fds.api.mi-img.com/b2c-shopapi-pms/pms_1551784566.31566582.jpg,39,https://www.mi.com/comment/9451.html,41536,99.8
313,6825,小米USBTypeC快速充电数据线灰色,https://cdn.cnbj0.fds.api.mi-img.com/b2c-miapp-a1/2dc35d0f-0951-ff2b-e55d-8d258cedc493.jpg,16.9,https://www.mi.com/comment/6825.html,569577,99.8
314,7714,小米USB-C数据线编织线版100cm黑色,http://i8.mifile.cn/b2c-mimall-media/4132366589e457f407b918fe48c89cb1.jpg,19.9,https://www.mi.com/comment/7714.html,388266,99.8
315,5828,手机USBmicro数据线白色,https://cdn.cnbj0.fds.api.mi-img.com/b2c-miapp-a1/33821806-e86c-61ab-ce0c-489532f312ea.jpg,9.9,https://www.mi.com/comment/5828.html,343047,99.8
316,4944,小米二合一数据线100cm白色,https://cdn.cnbj0.fds.api.mi-img.com/b2c-miapp-a1/287594eb-b765-8db1-3255-0a05c4c07440.jpg,24.9,https://www.mi.com/comment/4944.html,563229,99.8
317,9231,小米高清数据线-3米白色,https://cdn.cnbj0.fds.api.mi-img.com/b2c-shopapi-pms/pms_1546936400.18272185.jpg,49,https://www.mi.com/comment/9231.html,5213,99.9
318,9230,小米高清数据线-1.5米白色,https://cdn.cnbj0.fds.api.mi-img.com/b2c-shopapi-pms/pms_1546936483.22246730.jpg,29,https://www.mi.com/comment/9230.html,42591,99.9
319,11096,小米车载充电器快充版（37W）黑色,https://cdn.cnbj0.fds.api.mi-img.com/b2c-shopapi-pms/pms_1571907036.21471854.jpg,49,https://www.mi.com/comment/11096.html,4418,99.6
320,9357,小米无线车充黑色,https://cdn.cnbj0.fds.api.mi-img.com/b2c-shopapi-pms/pms_1550588698.58663947.jpg,169,https://www.mi.com/comment/9357.html,201634,99.8
321,5942,小米车载充电器快充版银色,https://cdn.cnbj0.fds.api.mi-img.com/b2c-miapp-a1/e6d588af-1265-3bc9-f4a1-8d9da2cff89b.jpg,69,https://www.mi.com/comment/5942.html,229833,99.9
322,11604,小米Type-C充电器快充版18W白色,https://cdn.cnbj0.fds.api.mi-img.com/b2c-shopapi-pms/pms_1581837540.48915349.jpg,39,https://www.mi.com/comment/11604.html,2296,96.6
323,9119,小米USB充电器30W快充版（1A1C）白色,https://cdn.cnbj0.fds.api.mi-img.com/b2c-mimall-media/e66838f98132b197300f60565b8cf729.jpg,59,https://www.mi.com/comment/9119.html,39715,99.7
324,7092,小米USB充电器快充版（18W）白色,https://cdn.cnbj0.fds.api.mi-img.com/b2c-miapp-a1/b169b069-6cc5-b052-9f60-98a94b68fdb1.jpg,29.9,https://www.mi.com/comment/7092.html,626477,99.8
325,7740,小米USB充电器36W快充版（2口）白色,https://cdn.cnbj0.fds.api.mi-img.com/b2c-mimall-media/fb04f3efd5fd147093d939071e2d1827.jpg,59,https://www.mi.com/comment/7740.html,123254,99.8
326,7713,小米USB充电器60W快充版（6口）白色,https://cdn.cnbj0.fds.api.mi-img.com/b2c-shopapi-pms/pms_1517552384.30355703.jpg,129,https://www.mi.com/comment/7713.html,34716,99.9
327,11226,小米立式无线充电器通用快充20W黑色,https://cdn.cnbj0.fds.api.mi-img.com/b2c-shopapi-pms/pms_1575536057.76034828.jpg,99,https://www.mi.com/comment/11226.html,60504,99.8
328,11096,小米车载充电器快充版（37W）黑色,https://cdn.cnbj0.fds.api.mi-img.com/b2c-shopapi-pms/pms_1571907036.21471854.jpg,49,https://www.mi.com/comment/11096.html,4418,99.6
329,5942,小米车载充电器快充版银色,https://cdn.cnbj0.fds.api.mi-img.com/b2c-miapp-a1/e6d588af-1265-3bc9-f4a1-8d9da2cff89b.jpg,69,https://www.mi.com/comment/5942.html,229833,99.9
330,9118,小米二合一移动电源（充电器）白色,https://cdn.cnbj0.fds.api.mi-img.com/b2c-mimall-media/78c1f148b9089d89544d87a16780ab4b.jpg,99,https://www.mi.com/comment/9118.html,41336,99.7
331,11483,小米无线充电器（通用快充）黑色,https://cdn.cnbj0.fds.api.mi-img.com/b2c-shopapi-pms/pms_1577957538.49564124.jpg,69,https://www.mi.com/comment/11483.html,3390,99.4
332,11607,小米手表充电底座黑色,https://cdn.cnbj0.fds.api.mi-img.com/b2c-shopapi-pms/pms_1581835638.30999641.jpg,39,https://www.mi.com/comment/11607.html,445,99.8
333,9357,小米无线车充黑色,https://cdn.cnbj0.fds.api.mi-img.com/b2c-shopapi-pms/pms_1550588698.58663947.jpg,169,https://www.mi.com/comment/9357.html,201634,99.8
334,10860,小米立式风冷无线充30W雅酷白,https://cdn.cnbj0.fds.api.mi-img.com/b2c-shopapi-pms/pms_1569240474.90093956.jpg,199,https://www.mi.com/comment/10860.html,28947,99.6
335,9311,20W高速无线充套装白色,https://cdn.cnbj0.fds.api.mi-img.com/b2c-shopapi-pms/pms_1550480620.30111865.jpg,149,https://www.mi.com/comment/9311.html,55464,99.7
336,2804,5号彩虹电池（10粒装）标准装,https://cdn.cnbj0.fds.api.mi-img.com/b2c-miapp-a1/T1rpVjBvEv1RXrhCrK.jpg,9.9,https://www.mi.com/comment/2804.html,1997792,99.9
337,3016,7号彩虹电池（10粒装）彩色,https://cdn.cnbj0.fds.api.mi-img.com/b2c-miapp-a1/T1bXKjBQAT1RXrhCrK.jpg,9.9,https://www.mi.com/comment/3016.html,1599602,99.9
338,5051,小米支架式自拍杆雅黑色,https://cdn.cnbj1.fds.api.mi-img.com/mi-mall/896f5dc7627a5c810aa82787665ddb4f.jpg,79,https://www.mi.com/comment/5051.html,307254,99.8
339,9357,小米无线车充黑色,https://cdn.cnbj0.fds.api.mi-img.com/b2c-shopapi-pms/pms_1550588698.58663947.jpg,169,https://www.mi.com/comment/9357.html,201634,99.8
340,10860,小米立式风冷无线充30W雅酷白,https://cdn.cnbj0.fds.api.mi-img.com/b2c-shopapi-pms/pms_1569240474.90093956.jpg,199,https://www.mi.com/comment/10860.html,28947,99.6
341,11226,小米立式无线充电器通用快充20W黑色,https://cdn.cnbj0.fds.api.mi-img.com/b2c-shopapi-pms/pms_1575536057.76034828.jpg,99,https://www.mi.com/comment/11226.html,60504,99.8
342,11483,小米无线充电器（通用快充）黑色,https://cdn.cnbj0.fds.api.mi-img.com/b2c-shopapi-pms/pms_1577957538.49564124.jpg,69,https://www.mi.com/comment/11483.html,3390,99.4
343,9311,20W高速无线充套装白色,https://cdn.cnbj0.fds.api.mi-img.com/b2c-shopapi-pms/pms_1550480620.30111865.jpg,149,https://www.mi.com/comment/9311.html,55464,99.7
344,8711,小米平板4Plus标准高透保护膜极清高透,https://cdn.cnbj0.fds.api.mi-img.com/b2c-mimall-media/f89f2f52737eacf8739a44bd25871d99.jpg,19,https://www.mi.com/comment/8711.html,15297,99.6
345,9072,黑鲨游戏Type-C耳机黑色,https://cdn.cnbj0.fds.api.mi-img.com/b2c-shopapi-pms/pms_1543561468.82116708.jpg,99,https://www.mi.com/comment/9072.html,2881,99.0
346,11659,黑鲨双翼手柄套装小米10定制礼盒黑色,https://cdn.cnbj0.fds.api.mi-img.com/b2c-shopapi-pms/pms_1583724666.90693689.jpg,299,https://www.mi.com/comment/11659.html,968,97.2
347,11654,黑鲨磁吸充电线黑色,https://cdn.cnbj0.fds.api.mi-img.com/b2c-shopapi-pms/pms_1582894555.2518310.jpg,79,https://www.mi.com/comment/11654.html,1431,96.7
348,11653,黑鲨3.5mm游戏耳机黑色,https://cdn.cnbj0.fds.api.mi-img.com/b2c-shopapi-pms/pms_1582892023.89778998.jpg,99,https://www.mi.com/comment/11653.html,1453,98.3
349,11394,RedmiK30定制版黑鲨双翼手柄-左手支架套装,https://cdn.cnbj0.fds.api.mi-img.com/b2c-shopapi-pms/pms_1575962415.0256857.jpg,179,https://www.mi.com/comment/11394.html,25395,99.6
350,11231,黑鲨快充数字耳放黑色,https://cdn.cnbj0.fds.api.mi-img.com/b2c-shopapi-pms/pms_1573034570.24467227.jpg,149,https://www.mi.com/comment/11231.html,1944,97.5
351,10654,小米/RedmiNote8Pro定制款黑鲨双翼手柄-支架套装,https://cdn.cnbj0.fds.api.mi-img.com/b2c-shopapi-pms/pms_1566982487.25297432.jpg,179,https://www.mi.com/comment/10654.html,41193,99.6
352,10412,小米/Redmi定制款黑鲨双翼手柄-左手支架套装,https://cdn.cnbj0.fds.api.mi-img.com/b2c-shopapi-pms/pms_1564476655.38143473.jpg,179,https://www.mi.com/comment/10412.html,28929,99.6
353,10000,黑鲨双翼手柄支架黑色,https://cdn.cnbj0.fds.api.mi-img.com/b2c-shopapi-pms/pms_1559800402.05016711.jpg,79,https://www.mi.com/comment/10000.html,653,99.4
354,9814,黑鲨极冷散热背夹黑色,https://cdn.cnbj0.fds.api.mi-img.com/b2c-shopapi-pms/pms_1557819091.19623057.jpg,249,https://www.mi.com/comment/9814.html,3813,98.8
355,9141,黑鲨双翼手柄单滑轨保护壳套装-小米8定制版,https://cdn.cnbj0.fds.api.mi-img.com/b2c-shopapi-pms/pms_1544600277.71456712.jpg,228,https://www.mi.com/comment/9141.html,24169,99.1
356,9650,黑鲨双翼手柄-左手柄套装,https://cdn.cnbj0.fds.api.mi-img.com/b2c-shopapi-pms/pms_1555464406.55025235.jpg,188.9,https://www.mi.com/comment/9650.html,68543,99.6
357,8794,黑鲨双翼手柄-左手,https://cdn.cnbj0.fds.api.mi-img.com/b2c-mimall-media/3015e2421b7874cce12698b2cf249b05.jpg,179,https://www.mi.com/comment/8794.html,18046,99.0
358,9071,黑鲨双翼手柄-右手黑色,https://cdn.cnbj0.fds.api.mi-img.com/b2c-mimall-media/df08a2624f68ff0ed18898d9188eba3c.jpg,199,https://www.mi.com/comment/9071.html,4681,99.2
359,4053,米家LED随身灯白色,https://cdn.cnbj0.fds.api.mi-img.com/b2c-miapp-a1/41cc436a-bcd6-f2f3-b7f2-857ce882a793.jpg,19.9,https://www.mi.com/comment/4053.html,772112,99.8
360,11598,米家电动剃须刀往复五刀头黑色,https://cdn.cnbj0.fds.api.mi-img.com/b2c-shopapi-pms/pms_1581498837.11654651.jpg,499,https://www.mi.com/comment/11598.html,4848,98.0
361,11807,米家电动剃须刀S300黑色,https://cdn.cnbj0.fds.api.mi-img.com/b2c-shopapi-pms/pms_1584692875.5955242.jpg,99,https://www.mi.com/comment/11807.html,997,97.2
362,10858,米家电动剃须刀往复双刀头黑色,https://cdn.cnbj1.fds.api.mi-img.com/mi-mall/e52ab35b229e75efc884922662a50e9a.jpg,179,https://www.mi.com/comment/10858.html,36021,99.4
363,11191,米家电动剃须刀S500黑色,https://cdn.cnbj0.fds.api.mi-img.com/b2c-shopapi-pms/pms_1574222338.40316823.jpg,179,https://www.mi.com/comment/11191.html,62777,99.7
364,11520,米家电动剃须刀S500C黑色,https://cdn.cnbj0.fds.api.mi-img.com/b2c-shopapi-pms/pms_1578383527.34345631.jpg,269,https://www.mi.com/comment/11520.html,8077,99.7
365,9835,米家电动剃须刀S100,https://cdn.cnbj0.fds.api.mi-img.com/b2c-shopapi-pms/pms_1558695421.2743762.jpg,77,https://www.mi.com/comment/9835.html,108934,99.7
366,9102,米家电动剃须刀充电座黑色,https://cdn.cnbj0.fds.api.mi-img.com/b2c-mimall-media/9ce987d97501c1cfdc881ef8ca6a8f7b.jpg,29,https://www.mi.com/comment/9102.html,15766,99.8
367,8930,米家便携电动剃须刀替换外刀网架黑色,https://cdn.cnbj0.fds.api.mi-img.com/b2c-mimall-media/ccc9d46e302562db17a39255effaf5cc.jpg,39,https://www.mi.com/comment/8930.html,8309,99.7
368,8931,米家便携电动剃须刀替换内刀头黑色,https://cdn.cnbj0.fds.api.mi-img.com/b2c-mimall-media/9f5537154d142cf3d2d209c024a79231.jpg,19,https://www.mi.com/comment/8931.html,7935,99.8
369,10405,米家电动剃须刀刀头旋转双刀头黑色,https://cdn.cnbj1.fds.api.mi-img.com/mi-mall/a9e35ed2770e969ace6af8087e46e805.jpg,19.9,https://www.mi.com/comment/10405.html,6535,99.9
370,11836,米家电动剃须刀刀头往复五刀头黑色,https://cdn.cnbj0.fds.api.mi-img.com/b2c-shopapi-pms/pms_1585202683.84187691.jpg,99,https://www.mi.com/comment/11836.html,7,100.0
371,9101,米家电动剃须刀刀头黑色,https://cdn.cnbj0.fds.api.mi-img.com/b2c-shopapi-pms/pms_1542424626.3513520.jpg,39,https://www.mi.com/comment/9101.html,52945,99.7
372,11309,米家电动剃须刀往复双刀头配件黑色,https://cdn.cnbj0.fds.api.mi-img.com/b2c-shopapi-pms/pms_1574048457.47282125.jpg,59,https://www.mi.com/comment/11309.html,586,100.0
373,6904,贝医生巴氏牙刷（单支装）蓝色,https://cdn.cnbj0.fds.api.mi-img.com/b2c-miapp-a1/eba7a3a2-2822-06b8-9204-8566c1d34051.jpg,9.9,https://www.mi.com/comment/6904.html,537825,99.9
374,11992,贝医生声波电动牙刷S7大理石白色,https://cdn.cnbj0.fds.api.mi-img.com/b2c-shopapi-pms/pms_1587882036.00063460.jpg,399,https://www.mi.com/comment/11992.html,11,100.0
375,11327,米兔儿童声波电动牙刷蓝色,https://cdn.cnbj0.fds.api.mi-img.com/b2c-shopapi-pms/pms_1574405228.94449927.jpg,179,https://www.mi.com/comment/11327.html,8003,99.8
376,11273,米家牙刷40支装,https://cdn.cnbj1.fds.api.mi-img.com/mi-mall/de031f9ae5667cd3e2711497435d473d.png,99,https://www.mi.com/comment/11273.html,21767,99.9
377,6103,米家声波电动牙刷白色,https://cdn.cnbj0.fds.api.mi-img.com/b2c-miapp-a1/d02b7636-f529-78ab-d577-9e1695ef6fc6.jpg,199,https://www.mi.com/comment/6103.html,427787,99.8
378,10806,米家声波电动牙刷T100白色,https://cdn.cnbj0.fds.api.mi-img.com/b2c-shopapi-pms/pms_1579576994.10415241.jpg,39.9,https://www.mi.com/comment/10806.html,1132522,99.9
379,10535,米家声波电动牙刷T500白色,https://cdn.cnbj0.fds.api.mi-img.com/b2c-shopapi-pms/pms_1573793097.85481061.jpg,199,https://www.mi.com/comment/10535.html,74328,99.7
380,6443,贝医生巴氏牙刷(四色装),https://cdn.cnbj0.fds.api.mi-img.com/b2c-miapp-a1/413f5e2f-53e7-0879-119c-8b4466feea53.jpg,39.9,https://www.mi.com/comment/6443.html,329770,99.9
381,10584,米家声波电动牙刷头（敏感型）3支装白色,https://cdn.cnbj0.fds.api.mi-img.com/b2c-shopapi-pms/pms_1573214583.4982926.jpg,69,https://www.mi.com/comment/10584.html,33354,99.9
382,11217,米家电动牙刷头（通用型）3支装,https://cdn.cnbj0.fds.api.mi-img.com/b2c-shopapi-pms/pms_1572872988.92943982.jpg,19.9,https://www.mi.com/comment/11217.html,94533,99.9
383,10598,米家声波电动牙刷T300白色,https://cdn.cnbj0.fds.api.mi-img.com/b2c-shopapi-pms/pms_1566377752.28828323.jpg,99,https://www.mi.com/comment/10598.html,70039,99.8
384,11340,米兔儿童声波电动牙刷头白色,https://cdn.cnbj0.fds.api.mi-img.com/b2c-shopapi-pms/pms_1574764309.56352832.jpg,69,https://www.mi.com/comment/11340.html,2466,99.9
385,11216,米家声波电动牙刷头（通用型）3支装,https://cdn.cnbj0.fds.api.mi-img.com/b2c-shopapi-pms/pms_1572921762.8391920.jpg,69,https://www.mi.com/comment/11216.html,202834,100.0
386,11994,贝医生声波电动牙刷头（4D通用型）2支装2支装,https://cdn.cnbj0.fds.api.mi-img.com/b2c-shopapi-pms/pms_1587883590.36527562.jpg,69,https://www.mi.com/comment/11994.html,1,100.0
387,9752,贝医生0+防蛀健齿牙膏100克,https://cdn.cnbj0.fds.api.mi-img.com/b2c-shopapi-pms/pms_1557457497.07397550.jpg,12.9,https://www.mi.com/comment/9752.html,305277,99.9
388,11416,米家电动冲牙器白色,https://cdn.cnbj0.fds.api.mi-img.com/b2c-shopapi-pms/pms_1576650033.51897603.jpg,199,https://www.mi.com/comment/11416.html,34525,99.7
389,9674,小米体重秤2白色,https://cdn.cnbj0.fds.api.mi-img.com/b2c-shopapi-pms/pms_1555580244.96131118.jpg,59,https://www.mi.com/comment/9674.html,126706,99.8
390,9686,小米体脂秤2白色,https://cdn.cnbj0.fds.api.mi-img.com/b2c-shopapi-pms/pms_1555659431.52713594.jpg,99,https://www.mi.com/comment/9686.html,192848,99.9
391,3807,米兔智能故事机白色,https://cdn.cnbj0.fds.api.mi-img.com/b2c-miapp-a1/1acf1167-8a6d-cefb-7805-628f78a6aa33.jpg,179,https://www.mi.com/comment/3807.html,487108,99.8
392,9283,米兔故事机mini蓝牙版粉色,https://cdn.cnbj0.fds.api.mi-img.com/b2c-shopapi-pms/pms_1548833310.74567137.jpg,139,https://www.mi.com/comment/9283.html,7869,99.8
393,8108,米兔卡片学习机白色,https://cdn.cnbj0.fds.api.mi-img.com/b2c-mimall-media/641445f46b5b3cb6928196f47c7658f8.jpg,279,https://www.mi.com/comment/8108.html,19246,99.6
394,9834,米兔点读笔蓝色,https://cdn.cnbj1.fds.api.mi-img.com/mi-mall/8ecfb7d29b51371785de8b83d05b6428.jpg,179,https://www.mi.com/comment/9834.html,33447,99.8
395,4674,米兔积木机器人,https://cdn.cnbj0.fds.api.mi-img.com/b2c-miapp-a1/b45d9673-32fa-251a-68b5-791f3cb7e65e.jpg,399,https://www.mi.com/comment/4674.html,94652,99.8
396,6010,米兔积木机器人履带机甲,https://cdn.cnbj0.fds.api.mi-img.com/b2c-miapp-a1/775a9078-896f-2967-d77c-f73642c8161b.jpg,399,https://www.mi.com/comment/6010.html,29663,99.7
397,11223,工程挖掘机白色,https://cdn.cnbj0.fds.api.mi-img.com/b2c-shopapi-pms/pms_1572939589.21071305.jpg,179,https://www.mi.com/comment/11223.html,8315,99.5
398,11222,智能积木公路赛车白色,https://cdn.cnbj0.fds.api.mi-img.com/b2c-shopapi-pms/pms_1572938174.57361553.jpg,279,https://www.mi.com/comment/11222.html,10885,99.2
399,10718,多彩指尖积木,https://cdn.cnbj0.fds.api.mi-img.com/b2c-shopapi-pms/pms_1567563399.00183033.jpg,9.9,https://www.mi.com/comment/10718.html,129238,99.9
400,9805,积木沙漠赛车白色,https://cdn.cnbj0.fds.api.mi-img.com/b2c-shopapi-pms/pms_1557741149.55019205.jpg,119,https://www.mi.com/comment/9805.html,13129,99.7
401,9929,智能积木越野四驱车白色,https://cdn.cnbj0.fds.api.mi-img.com/b2c-shopapi-pms/pms_1560161198.36395117.jpg,699,https://www.mi.com/comment/9929.html,7928,99.3
402,9095,米兔积木工程吊车白色,https://cdn.cnbj0.fds.api.mi-img.com/b2c-shopapi-pms/pms_1542247089.32395107.jpg,159,https://www.mi.com/comment/9095.html,37994,99.8
403,4674,米兔积木机器人,https://cdn.cnbj0.fds.api.mi-img.com/b2c-miapp-a1/b45d9673-32fa-251a-68b5-791f3cb7e65e.jpg,399,https://www.mi.com/comment/4674.html,94652,99.8
404,6010,米兔积木机器人履带机甲,https://cdn.cnbj0.fds.api.mi-img.com/b2c-miapp-a1/775a9078-896f-2967-d77c-f73642c8161b.jpg,399,https://www.mi.com/comment/6010.html,29663,99.7
405,7244,米兔指尖积木白色,https://cdn.cnbj0.fds.api.mi-img.com/b2c-mimall-media/075f0a1e2bf1a54cf9a13d6980049920.jpg,9.9,https://www.mi.com/comment/7244.html,461222,99.9
406,11389,工程搅拌车白色,https://cdn.cnbj0.fds.api.mi-img.com/b2c-shopapi-pms/pms_1575626724.83221373.jpg,159,https://www.mi.com/comment/11389.html,6027,99.7
407,11822,米兔儿童学习手表4粉色,https://cdn.cnbj0.fds.api.mi-img.com/b2c-shopapi-pms/pms_1585722752.06264395.jpg,879,https://www.mi.com/comment/11822.html,189,97.4
408,11479,米兔儿童学习手表4Pro蓝色,https://cdn.cnbj0.fds.api.mi-img.com/b2c-shopapi-pms/pms_1578297064.431877.jpg,1199,https://www.mi.com/comment/11479.html,1377,98.6
409,11318,米兔儿童电话手表2S红色,https://cdn.cnbj0.fds.api.mi-img.com/b2c-shopapi-pms/pms_1574233460.05887933.jpg,169,https://www.mi.com/comment/11318.html,17771,99.4
410,10327,米兔儿童电话手表3C4G粉色,https://cdn.cnbj0.fds.api.mi-img.com/b2c-shopapi-pms/pms_1564390489.8669887.jpg,379,https://www.mi.com/comment/10327.html,76414,99.2
411,8107,米兔儿童滑板车蓝,https://cdn.cnbj0.fds.api.mi-img.com/b2c-shopapi-pms/pms_1553484007.64174630.jpg,219,https://www.mi.com/comment/8107.html,43827,99.8
412,9965,小米活塞耳机Type-C版黑色,https://cdn.cnbj0.fds.api.mi-img.com/b2c-shopapi-pms/pms_1560407044.41743058.jpg,49,https://www.mi.com/comment/9965.html,60283,99.4
413,8811,小米双单元半入耳式耳机Type-C版黑色,https://cdn.cnbj0.fds.api.mi-img.com/b2c-mimall-media/635b71953a9a73b131d94e71b69d6972.jpg,89,https://www.mi.com/comment/8811.html,136165,99.2
414,7817,小米双单元半入耳式耳机黑色,https://cdn.cnbj0.fds.api.mi-img.com/b2c-shopapi-pms/pms_1521442676.48017520.jpg,59,https://www.mi.com/comment/7817.html,241644,99.6
415,4792,小米圈铁耳机Pro银色,https://cdn.cnbj0.fds.api.mi-img.com/b2c-miapp-a1/ea4ab6ba-e8f2-b0b1-1e7f-aa9813a126ac.jpg,129,https://www.mi.com/comment/4792.html,600333,99.6
416,9433,小米有线耳机（K歌版）白色,https://cdn.cnbj0.fds.api.mi-img.com/b2c-shopapi-pms/pms_1551344035.40192886.jpg,149,https://www.mi.com/comment/9433.html,10453,98.7
417,5059,小米活塞耳机清新版黑色,https://cdn.cnbj0.fds.api.mi-img.com/b2c-miapp-a1/3c114987-43d5-f6d3-d2f4-8b86dd90a55d.jpg,29,https://www.mi.com/comment/5059.html,2770106,99.9
418,9072,黑鲨游戏Type-C耳机黑色,https://cdn.cnbj0.fds.api.mi-img.com/b2c-shopapi-pms/pms_1543561468.82116708.jpg,99,https://www.mi.com/comment/9072.html,2881,99.0
419,11653,黑鲨3.5mm游戏耳机黑色,https://cdn.cnbj0.fds.api.mi-img.com/b2c-shopapi-pms/pms_1582892023.89778998.jpg,99,https://www.mi.com/comment/11653.html,1453,98.3
420,11949,小米蓝牙耳机LineFree黑色,https://cdn.cnbj0.fds.api.mi-img.com/b2c-shopapi-pms/pms_1587954413.64283337.jpg,199,https://www.mi.com/comment/11949.html,227,95.8
421,11954,小米蓝牙耳机青春版黑色,https://cdn.cnbj0.fds.api.mi-img.com/b2c-shopapi-pms/pms_1587458071.60735718.jpg,59,https://www.mi.com/comment/11954.html,118,95.9
422,11929,RedmiAirDotsS真无线蓝牙耳机黑色,https://cdn.cnbj0.fds.api.mi-img.com/b2c-shopapi-pms/pms_1587025370.16917153.jpg,99.9,https://www.mi.com/comment/11929.html,2206,91.5
423,11821,小米真无线蓝牙耳机Air2s白色,https://cdn.cnbj0.fds.api.mi-img.com/b2c-shopapi-pms/pms_1585639521.33045699.jpg,399,https://www.mi.com/comment/11821.html,2045,87.5
424,11038,小米圈铁四单元耳机黑色,https://cdn.cnbj0.fds.api.mi-img.com/b2c-shopapi-pms/pms_1571384720.99968563.jpg,799,https://www.mi.com/comment/11038.html,8143,98.7
425,10859,小米真无线蓝牙耳机Air2白色,https://cdn.cnbj0.fds.api.mi-img.com/b2c-shopapi-pms/pms_1569238836.72564587.jpg,369,https://www.mi.com/comment/10859.html,120852,98.8
426,10316,小米降噪项圈蓝牙耳机黑色,https://cdn.cnbj0.fds.api.mi-img.com/b2c-shopapi-pms/pms_1565264857.64986727.jpg,469,https://www.mi.com/comment/10316.html,18707,99.2
427,9016,小米蓝牙耳机AirDots青春版白色,https://cdn.cnbj0.fds.api.mi-img.com/b2c-mimall-media/8cecf733e0dd3ec92672eeef8c93ad12.jpg,199,https://www.mi.com/comment/9016.html,225046,99.0
428,9015,小米蓝牙项圈耳机青春版黑色,https://cdn.cnbj0.fds.api.mi-img.com/b2c-shopapi-pms/pms_1540808799.00378416.jpg,149,https://www.mi.com/comment/9015.html,106281,99.2
429,9432,高品质多功能头戴耳机,https://cdn.cnbj0.fds.api.mi-img.com/b2c-shopapi-pms/pms_1551343984.14546114.jpg,169,https://www.mi.com/comment/9432.html,42798,99.1
430,8585,小米运动蓝牙耳机青春版黑色,https://cdn.cnbj0.fds.api.mi-img.com/b2c-mimall-media/7baffd099e39768c5fe821f00ddbed7c.jpg,99,https://www.mi.com/comment/8585.html,244883,99.2
431,7840,小米蓝牙项圈耳机黑色,https://cdn.cnbj0.fds.api.mi-img.com/b2c-mimall-media/208890bba5b0c0a7771d907c6352b26c.jpg,269,https://www.mi.com/comment/7840.html,141620,99.4
432,11652,黑鲨蓝牙游戏耳机2黑色,https://cdn.cnbj0.fds.api.mi-img.com/b2c-shopapi-pms/pms_1589421516.45725732.jpg,499,https://www.mi.com/comment/11652.html,6,100.0
433,9433,小米有线耳机（K歌版）白色,https://cdn.cnbj0.fds.api.mi-img.com/b2c-shopapi-pms/pms_1551344035.40192886.jpg,149,https://www.mi.com/comment/9433.html,10453,98.7
434,9432,高品质多功能头戴耳机,https://cdn.cnbj0.fds.api.mi-img.com/b2c-shopapi-pms/pms_1551343984.14546114.jpg,169,https://www.mi.com/comment/9432.html,42798,99.1
435,9072,黑鲨游戏Type-C耳机黑色,https://cdn.cnbj0.fds.api.mi-img.com/b2c-shopapi-pms/pms_1543561468.82116708.jpg,99,https://www.mi.com/comment/9072.html,2881,99.0
436,11494,小米户外蓝牙音箱mini黑色,https://cdn.cnbj0.fds.api.mi-img.com/b2c-shopapi-pms/pms_1577953824.77871917.jpg,99,https://www.mi.com/comment/11494.html,4020,99.5
437,10877,小米户外蓝牙音箱深灰色,https://cdn.cnbj0.fds.api.mi-img.com/b2c-shopapi-pms/pms_1569296497.06566845.jpg,179,https://www.mi.com/comment/10877.html,4664,99.3
438,11570,小米无线充蓝牙音箱白色,https://cdn.cnbj0.fds.api.mi-img.com/b2c-shopapi-pms/pms_1581411694.79656473.jpg,249,https://www.mi.com/comment/11570.html,6971,99.3
439,9334,小米小爱触屏音箱白色,https://cdn.cnbj0.fds.api.mi-img.com/b2c-shopapi-pms/pms_1550719656.70567332.jpg,199,https://www.mi.com/comment/9334.html,226032,99.6
440,2806,小米小钢炮蓝牙音箱2黑,https://cdn.cnbj0.fds.api.mi-img.com/b2c-shopapi-pms/pms_1576569004.70669919.jpg,99,https://www.mi.com/comment/2806.html,471841,99.3
441,5516,小米方盒子蓝牙音箱2白色,https://cdn.cnbj0.fds.api.mi-img.com/b2c-miapp-a1/17a13755-6212-7275-e573-cc1ea9fa2ae4.jpg,109,https://www.mi.com/comment/5516.html,126574,99.5
442,3331,小米随身蓝牙音箱灰,https://cdn.cnbj0.fds.api.mi-img.com/b2c-shopapi-pms/pms_1578377349.02333205.jpg,69,https://www.mi.com/comment/3331.html,449469,99.4
443,7808,小米电视音响,https://cdn.cnbj0.fds.api.mi-img.com/b2c-shopapi-pms/pms_1522391647.00851451.jpg,399,https://www.mi.com/comment/7808.html,177860,99.6
444,11218,小米随身蓝牙音箱无线立体声2个装黑色,https://cdn.cnbj0.fds.api.mi-img.com/b2c-shopapi-pms/pms_1573031970.47458207.jpg,99,https://www.mi.com/comment/11218.html,5385,99.3
445,9011,小米小爱蓝牙音箱随身版白色,https://cdn.cnbj0.fds.api.mi-img.com/b2c-mimall-media/321610e787393c42e5cb2e5730a7681d.jpg,39,https://www.mi.com/comment/9011.html,216344,99.5
446,9432,高品质多功能头戴耳机,https://cdn.cnbj0.fds.api.mi-img.com/b2c-shopapi-pms/pms_1551343984.14546114.jpg,169,https://www.mi.com/comment/9432.html,42798,99.1
447,9433,小米有线耳机（K歌版）白色,https://cdn.cnbj0.fds.api.mi-img.com/b2c-shopapi-pms/pms_1551344035.40192886.jpg,149,https://www.mi.com/comment/9433.html,10453,98.7
448,11036,小米极简都市双肩包2深灰,https://cdn.cnbj0.fds.api.mi-img.com/b2c-shopapi-pms/pms_1571835343.8744739.jpg,129,https://www.mi.com/comment/11036.html,9117,99.7
449,10478,小米简约休闲双肩包黄色,https://cdn.cnbj0.fds.api.mi-img.com/b2c-shopapi-pms/pms_1565167272.03476367.jpg,99,https://www.mi.com/comment/10478.html,23190,99.8
450,10429,小米经典商务双肩包2浅蓝,https://cdn.cnbj0.fds.api.mi-img.com/b2c-shopapi-pms/pms_1564540582.91778782.jpg,99,https://www.mi.com/comment/10429.html,15739,99.8
451,10181,小米商旅多功能双肩包2深灰色,https://cdn.cnbj0.fds.api.mi-img.com/b2c-shopapi-pms/pms_1561718076.45448546.jpg,199,https://www.mi.com/comment/10181.html,16197,99.8
452,10014,小米休闲运动双肩包黑色,https://cdn.cnbj0.fds.api.mi-img.com/b2c-shopapi-pms/pms_1560047966.06849388.jpg,129,https://www.mi.com/comment/10014.html,15539,99.8
453,11674,小米小背包黑色,https://cdn.cnbj0.fds.api.mi-img.com/b2c-shopapi-pms/pms_1582861165.44279272.jpg,24.9,https://www.mi.com/comment/11674.html,741708,99.9
454,10175,透明果冻色CC单肩包荧光粉,https://cdn.cnbj0.fds.api.mi-img.com/b2c-shopapi-pms/pms_1562072866.03711600.jpg,99,https://www.mi.com/comment/10175.html,2883,99.7
455,3460,小米多功能都市休闲胸包深灰,https://cdn.cnbj0.fds.api.mi-img.com/b2c-miapp-a1/T1t4AgBmWv1RXrhCrK.jpg,59,https://www.mi.com/comment/3460.html,636300,99.8
456,9186,米兔儿童书包2小号浅粉色,https://cdn.cnbj0.fds.api.mi-img.com/b2c-shopapi-pms/pms_1545878132.6273191.jpg,169,https://www.mi.com/comment/9186.html,18595,99.6
457,10159,小仙女透明包荧光粉,https://cdn.cnbj0.fds.api.mi-img.com/b2c-shopapi-pms/pms_1562067211.67195308.jpg,129,https://www.mi.com/comment/10159.html,3100,99.8
458,5831,小米学院休闲双肩包蓝色,https://cdn.cnbj0.fds.api.mi-img.com/b2c-miapp-a1/33d43d58-319d-24ab-d38c-553aeec0ff9f.jpg,79,https://www.mi.com/comment/5831.html,120100,99.8
459,11945,米兔儿童书包3粉色,https://cdn.cnbj0.fds.api.mi-img.com/b2c-shopapi-pms/pms_1587376695.29534299.jpg,199,https://www.mi.com/comment/11945.html,5,100.0
460,11867,小米小背包星空款/迷彩款绿色,https://cdn.cnbj0.fds.api.mi-img.com/b2c-shopapi-pms/pms_1585738218.96243216.jpg,29,https://www.mi.com/comment/11867.html,553,99.1
461,3460,小米多功能都市休闲胸包深灰,https://cdn.cnbj0.fds.api.mi-img.com/b2c-miapp-a1/T1t4AgBmWv1RXrhCrK.jpg,59,https://www.mi.com/comment/3460.html,636300,99.8
462,9560,小米旅行箱青春款蓝色,https://cdn.cnbj0.fds.api.mi-img.com/b2c-shopapi-pms/pms_1573127122.84758967.jpg,199,https://www.mi.com/comment/9560.html,114552,99.9
463,10000143,小米旅行箱系列,https://cdn.cnbj1.fds.api.mi-img.com/mi-mall/56df383e7f1d008e5a9e2b90ed4a75a6.jpg,279,https://www.mi.com/comment/10000143.html,66331,99.8
464,10896,小米金属旅行箱20英寸银色,https://cdn.cnbj0.fds.api.mi-img.com/b2c-shopapi-pms/pms_1569722578.5471530.jpg,899,https://www.mi.com/comment/10896.html,1740,99.8
465,10000147,90分框体旅行箱系列,https://cdn.cnbj1.fds.api.mi-img.com/mi-mall/d26d3a80dd1ab0c6a657f13cb234dade.jpg,599,https://www.mi.com/comment/10000147.html,5575,99.2
466,10007,小米旅行箱（20英寸）布朗熊限量版棕色,https://cdn.cnbj0.fds.api.mi-img.com/b2c-shopapi-pms/pms_1561345309.2172325.jpg,299,https://www.mi.com/comment/10007.html,5161,99.8
467,7140,90分轻商务登机箱米家定制钛金灰,https://cdn.cnbj0.fds.api.mi-img.com/b2c-miapp-a1/320513cf-1533-2588-e9fa-1708e4d96a79.jpg,369,https://www.mi.com/comment/7140.html,38701,99.7
468,9571,小米旅行箱20英寸灰色,https://cdn.cnbj0.fds.api.mi-img.com/b2c-shopapi-pms/pms_1553831369.32792610.jpg,279,https://www.mi.com/comment/9571.html,66331,99.8
469,9561,小米旅行箱24英寸灰色,https://cdn.cnbj0.fds.api.mi-img.com/b2c-shopapi-pms/pms_1553778518.87814930.jpg,379,https://www.mi.com/comment/9561.html,66331,99.8
470,9562,小米旅行箱28英寸黑色,https://cdn.cnbj0.fds.api.mi-img.com/b2c-shopapi-pms/pms_1553784395.22058552.jpg,479,https://www.mi.com/comment/9562.html,66331,99.8
471,9734,90分框体旅行箱24英寸粉色,https://cdn.cnbj0.fds.api.mi-img.com/b2c-shopapi-pms/pms_1558060690.26641951.jpg,599,https://www.mi.com/comment/9734.html,5575,99.2
472,9733,90分框体旅行箱20英寸白色,https://cdn.cnbj0.fds.api.mi-img.com/b2c-shopapi-pms/pms_1557905201.13873374.jpg,599,https://www.mi.com/comment/9733.html,5575,99.2
473,11946,小米轻商务旅行箱20英寸灰色灰色,https://cdn.cnbj0.fds.api.mi-img.com/b2c-shopapi-pms/pms_1587379122.58111855.jpg,399,https://www.mi.com/comment/11946.html,5,100.0
474,11874,米家运动鞋4深空黑,https://cdn.cnbj0.fds.api.mi-img.com/b2c-shopapi-pms/pms_1585819874.10656628.jpg,199,https://www.mi.com/comment/11874.html,12159,99.3
475,9731,米家飞行员太阳镜椭圆框,https://cdn.cnbj0.fds.api.mi-img.com/b2c-shopapi-pms/pms_1556528367.85034850.jpg,89,https://www.mi.com/comment/9731.html,26197,99.6
476,9729,米家经典方框太阳镜方框,https://cdn.cnbj0.fds.api.mi-img.com/b2c-shopapi-pms/pms_1556527776.07311827.jpg,89,https://www.mi.com/comment/9729.html,10052,99.8
477,9732,米家飞行员太阳镜Pro椭圆框,https://cdn.cnbj0.fds.api.mi-img.com/b2c-shopapi-pms/pms_1556533073.62795224.jpg,189,https://www.mi.com/comment/9732.html,13484,99.5
478,9539,米家防蓝光护目镜黑色,https://cdn.cnbj0.fds.api.mi-img.com/b2c-shopapi-pms/pms_1553505133.75664205.jpg,89,https://www.mi.com/comment/9539.html,33159,99.7
479,9540,米家防蓝光护目镜Pro透白色,https://cdn.cnbj0.fds.api.mi-img.com/b2c-shopapi-pms/pms_1553507139.31196809.jpg,139,https://www.mi.com/comment/9540.html,46008,99.7
480,6512,8H乳胶弹簧静音床垫太空灰,https://cdn.cnbj0.fds.api.mi-img.com/b2c-miapp-a1/eaa7c8e5-2a8c-0d2c-6de7-a6db2068b192.jpg,1499,https://www.mi.com/comment/6512.html,41887,99.1
481,10010,米家黄麻抗菌护脊床垫0.9米,https://cdn.cnbj0.fds.api.mi-img.com/b2c-shopapi-pms/pms_1560760700.04549862.jpg,899,https://www.mi.com/comment/10010.html,2528,99.0
482,5729,8H乳胶床垫咖啡金,https://cdn.cnbj0.fds.api.mi-img.com/b2c-miapp-a1/46e7bb13-58c6-b5b1-633d-4eced753825b.jpg,569,https://www.mi.com/comment/5729.html,96370,99.3
483,11863,8H乳胶床垫20.9m,https://cdn.cnbj0.fds.api.mi-img.com/b2c-shopapi-pms/pms_1585735675.4495923.jpg,599,https://www.mi.com/comment/11863.html,22,84.6
484,7115,8H多功能青春床垫X1灰色,https://cdn.cnbj0.fds.api.mi-img.com/b2c-miapp-a1/3a139cf0-3d45-9c2e-9054-0a89c186f26b.jpg,369,https://www.mi.com/comment/7115.html,20801,99.3
485,11860,8H乳胶弹簧静音床垫21.2m,https://cdn.cnbj0.fds.api.mi-img.com/b2c-shopapi-pms/pms_1587443115.29594621.jpg,1599,https://www.mi.com/comment/11860.html,23,100.0
486,11303,乐范记忆绵护颈U型枕灰色,https://cdn.cnbj0.fds.api.mi-img.com/b2c-shopapi-pms/pms_1586330515.61751607.jpg,49,https://www.mi.com/comment/11303.html,2735,99.6
487,11302,米家天然乳胶护颈枕灰色,https://cdn.cnbj0.fds.api.mi-img.com/b2c-shopapi-pms/pms_1587448870.98977292.jpg,179,https://www.mi.com/comment/11302.html,5388,99.2
488,10747,米家天然乳胶护颈枕S灰色,https://cdn.cnbj0.fds.api.mi-img.com/b2c-shopapi-pms/pms_1587448932.00311636.jpg,199,https://www.mi.com/comment/10747.html,17111,98.8
489,9884,米家护颈记忆绵枕灰色,https://cdn.cnbj0.fds.api.mi-img.com/b2c-shopapi-pms/pms_1558946216.36898736.jpg,89,https://www.mi.com/comment/9884.html,33409,99.6
490,7753,8H记忆绵护椎腰靠混灰色,https://cdn.cnbj0.fds.api.mi-img.com/b2c-shopapi-pms/pms_1521026663.07192206.jpg,89,https://www.mi.com/comment/7753.html,90065,99.8
491,4943,8H多功能护颈枕U1混灰色,https://cdn.cnbj0.fds.api.mi-img.com/b2c-miapp-a1/3803a3bc-87b5-9ea8-a917-b753d429d1f4.jpg,69,https://www.mi.com/comment/4943.html,173291,99.8
492,10313,QISHI爱心足金吊坠小款,https://cdn.cnbj1.fds.api.mi-img.com/mi-mall/deefdfb04b41e92b54f9b12b9901e646.jpg,699,https://www.mi.com/comment/10313.html,745,99.5
493,9169,米家飞天猪足金吊坠金色,https://cdn.cnbj0.fds.api.mi-img.com/b2c-shopapi-pms/pms_1546491118.91317371.jpg,799,https://www.mi.com/comment/9169.html,4845,99.7
494,6125,米家精修螺丝刀套装,https://cdn.cnbj0.fds.api.mi-img.com/b2c-shopapi-pms/pms_1582182555.29123660.jpg,89,https://www.mi.com/comment/6125.html,293819,99.9
495,10252,米家电动螺丝刀,https://cdn.cnbj0.fds.api.mi-img.com/b2c-shopapi-pms/pms_1564036427.58364538.jpg,189,https://www.mi.com/comment/10252.html,53303,99.8
496,11538,米家手自一体电动螺丝刀黑色,https://cdn.cnbj0.fds.api.mi-img.com/b2c-shopapi-pms/pms_1580695152.65379477.jpg,139,https://www.mi.com/comment/11538.html,10524,99.8
497,9466,米家wiha8合1棘轮螺丝刀黑色,https://cdn.cnbj0.fds.api.mi-img.com/b2c-shopapi-pms/pms_1552285773.36041918.png,89,https://www.mi.com/comment/9466.html,39113,99.9
498,10936,米家保温杯2黑色,https://cdn.cnbj0.fds.api.mi-img.com/b2c-shopapi-pms/pms_1570761136.23554494.jpg,99,https://www.mi.com/comment/10936.html,39918,99.5
499,10480,米家迷你保温杯黑色,https://cdn.cnbj0.fds.api.mi-img.com/b2c-shopapi-pms/pms_1565313911.01343154.jpg,49,https://www.mi.com/comment/10480.html,112380,99.8
500,10993,FunHome保温泡茶杯（茶水分离）白色520ml,https://cdn.cnbj1.fds.api.mi-img.com/mi-mall/796bb79f0bca21724cdc3b415bac78bc.png,99,https://www.mi.com/comment/10993.html,45299,99.3
501,9736,米家驱蚊器智能版白色,https://cdn.cnbj1.fds.api.mi-img.com/mi-mall/c7fafeb31d03dd9bb02b9cb133bb130a.jpg,59,https://www.mi.com/comment/9736.html,35462,98.8
502,9883,米家驱蚊器基础版白色,https://cdn.cnbj0.fds.api.mi-img.com/b2c-shopapi-pms/pms_1558924996.70667426.jpg,49,https://www.mi.com/comment/9883.html,27879,98.8
503,9723,米家驱蚊器基础版3个装白色,https://cdn.cnbj0.fds.api.mi-img.com/b2c-shopapi-pms/pms_1557804685.13891176.jpg,129,https://www.mi.com/comment/9723.html,139896,99.0
504,11977,米家驱蚊器智能版（3个装）白色,https://cdn.cnbj0.fds.api.mi-img.com/b2c-shopapi-pms/pms_1587540302.74425435.jpg,149,https://www.mi.com/comment/11977.html,29,90.6
505,8305,驱蚊片白色,https://cdn.cnbj0.fds.api.mi-img.com/b2c-mimall-media/35aba2696a5b8a2c47a156fad1c7c7e5.jpg,29,https://www.mi.com/comment/8305.html,51085,99.7
506,4917,最生活毛巾·青春系列绿色,https://cdn.cnbj0.fds.api.mi-img.com/b2c-mimall-media/6aa3636c2493ec404250e98d07a42d71.jpg,19.9,https://www.mi.com/comment/4917.html,1388851,99.9
507,10342,最生活毛巾·Air（10条装）白色+素蓝,https://cdn.cnbj1.fds.api.mi-img.com/mi-mall/2212bbd7c00dbb8ed1db3d6b9ee2341c.jpg,99,https://www.mi.com/comment/10342.html,40992,99.8
508,11316,MIJOY一次性套装（浴巾+毛巾）白色,https://cdn.cnbj0.fds.api.mi-img.com/b2c-shopapi-pms/pms_1574165871.44936239.jpg,9.9,https://www.mi.com/comment/11316.html,13008,99.9
509,10346,最生活浴巾·Air（4条装）白色+素蓝,https://cdn.cnbj1.fds.api.mi-img.com/mi-mall/1ef4ca371e2f79cc414eacc434ae26df.jpg,169,https://www.mi.com/comment/10346.html,6383,99.5
510,10148,赛车手米兔红色,https://cdn.cnbj1.fds.api.mi-img.com/mi-mall/9b9aa17c88f9c7226ec71e82c86b48ea.jpg,49,https://www.mi.com/comment/10148.html,1774,99.8
511,11894,十周年探索米兔灰色,https://cdn.cnbj0.fds.api.mi-img.com/b2c-shopapi-pms/pms_1586251475.16096994.jpg,69,https://www.mi.com/comment/11894.html,491,98.8
512,11822,米兔儿童学习手表4粉色,https://cdn.cnbj0.fds.api.mi-img.com/b2c-shopapi-pms/pms_1585722752.06264395.jpg,879,https://www.mi.com/comment/11822.html,189,97.4
513,11479,米兔儿童学习手表4Pro蓝色,https://cdn.cnbj0.fds.api.mi-img.com/b2c-shopapi-pms/pms_1578297064.431877.jpg,1199,https://www.mi.com/comment/11479.html,1377,98.6
514,11318,米兔儿童电话手表2S红色,https://cdn.cnbj0.fds.api.mi-img.com/b2c-shopapi-pms/pms_1574233460.05887933.jpg,169,https://www.mi.com/comment/11318.html,17771,99.4
515,10327,米兔儿童电话手表3C4G粉色,https://cdn.cnbj0.fds.api.mi-img.com/b2c-shopapi-pms/pms_1564390489.8669887.jpg,379,https://www.mi.com/comment/10327.html,76420,99.2
516,9186,米兔儿童书包2小号浅粉色,https://cdn.cnbj0.fds.api.mi-img.com/b2c-shopapi-pms/pms_1545878132.6273191.jpg,169,https://www.mi.com/comment/9186.html,18595,99.6
517,11945,米兔儿童书包3粉色,https://cdn.cnbj0.fds.api.mi-img.com/b2c-shopapi-pms/pms_1587376695.29534299.jpg,199,https://www.mi.com/comment/11945.html,5,100.0
518,9834,米兔点读笔蓝色,https://cdn.cnbj1.fds.api.mi-img.com/mi-mall/8ecfb7d29b51371785de8b83d05b6428.jpg,179,https://www.mi.com/comment/9834.html,33448,99.8
519,3807,米兔智能故事机白色,https://cdn.cnbj0.fds.api.mi-img.com/b2c-miapp-a1/1acf1167-8a6d-cefb-7805-628f78a6aa33.jpg,179,https://www.mi.com/comment/3807.html,487110,99.8
520,10718,多彩指尖积木,https://cdn.cnbj0.fds.api.mi-img.com/b2c-shopapi-pms/pms_1567563399.00183033.jpg,9.9,https://www.mi.com/comment/10718.html,129241,99.9
521,9283,米兔故事机mini蓝牙版粉色,https://cdn.cnbj0.fds.api.mi-img.com/b2c-shopapi-pms/pms_1548833310.74567137.jpg,139,https://www.mi.com/comment/9283.html,7869,99.8
522,8108,米兔卡片学习机白色,https://cdn.cnbj0.fds.api.mi-img.com/b2c-mimall-media/641445f46b5b3cb6928196f47c7658f8.jpg,279,https://www.mi.com/comment/8108.html,19246,99.6
523,9315,米兔婴儿理发器白色,https://cdn.cnbj0.fds.api.mi-img.com/b2c-shopapi-pms/pms_1550200700.6491376.jpg,109,https://www.mi.com/comment/9315.html,57882,99.7
524,9029,米兔折叠婴儿推车灰色,https://cdn.cnbj0.fds.api.mi-img.com/b2c-shopapi-pms/pms_1541382619.46034561.png,699,https://www.mi.com/comment/9029.html,14645,99.2
525,9095,米兔积木工程吊车白色,https://cdn.cnbj0.fds.api.mi-img.com/b2c-shopapi-pms/pms_1542247089.32395107.jpg,159,https://www.mi.com/comment/9095.html,37995,99.8
526,4674,米兔积木机器人,https://cdn.cnbj0.fds.api.mi-img.com/b2c-miapp-a1/b45d9673-32fa-251a-68b5-791f3cb7e65e.jpg,399,https://www.mi.com/comment/4674.html,94652,99.8
527,6010,米兔积木机器人履带机甲,https://cdn.cnbj0.fds.api.mi-img.com/b2c-miapp-a1/775a9078-896f-2967-d77c-f73642c8161b.jpg,399,https://www.mi.com/comment/6010.html,29663,99.7
528,8107,米兔儿童滑板车蓝,https://cdn.cnbj0.fds.api.mi-img.com/b2c-shopapi-pms/pms_1553484007.64174630.jpg,219,https://www.mi.com/comment/8107.html,43827,99.8
529,7244,米兔指尖积木白色,https://cdn.cnbj0.fds.api.mi-img.com/b2c-mimall-media/075f0a1e2bf1a54cf9a13d6980049920.jpg,9.9,https://www.mi.com/comment/7244.html,461227,99.9
530,9836,小米巨能写黑色10支装,https://cdn.cnbj0.fds.api.mi-img.com/b2c-shopapi-pms/pms_1559616366.16874615.jpg,9.99,https://www.mi.com/comment/9836.html,438363,99.8
531,9848,小米中性笔10支装白色,https://cdn.cnbj0.fds.api.mi-img.com/b2c-shopapi-pms/pms_1560158394.03015626.jpg,24.9,https://www.mi.com/comment/9848.html,78028,99.8
532,5483,米家金属签字笔金色,https://cdn.cnbj0.fds.api.mi-img.com/b2c-shopapi-pms/pms_1568104854.08717848.jpg,24.9,https://www.mi.com/comment/5483.html,886355,99.9
533,2387,小米水质TDS检测笔白色,https://cdn.cnbj0.fds.api.mi-img.com/b2c-miapp-a1/T1AdJ_BTYT1RXrhCrK.jpg,39,https://www.mi.com/comment/2387.html,744128,99.9
534,6642,米家金属签字笔专用笔芯纯白色,https://cdn.cnbj0.fds.api.mi-img.com/b2c-shopapi-pms/pms_1568101072.24756676.jpg,6.9,https://www.mi.com/comment/6642.html,222313,99.9
535,9834,米兔点读笔蓝色,https://cdn.cnbj1.fds.api.mi-img.com/mi-mall/8ecfb7d29b51371785de8b83d05b6428.jpg,179,https://www.mi.com/comment/9834.html,33448,99.8
