,company_name,position,salary,location,experience,education,time,location_detail,keyword,description,position_link
0,贝业思研发部招聘,算法工程师,15k-28k,西安,经验1-3年,硕士及以上,全职,西安-高新技术产业开发区-沣惠南路-科技二路与沣惠南路十字泰华金贸国际,"大数据,NLP,数据挖掘,数据分析",岗位职责：1.大数据算法的设计、实现、开发、调试和优化；2.负责客户画像、精准营销及风险预警系统的数据分析和挖掘；3.参与搜索系统中的机器学习和语义分析模型开发;4.进行大数据智能业务的策略研发工作，运用前沿AI算法解决实际问题。职位要求：1.计算机/数据分析/统计学/经济学/金融工程专业硕士及以上学历1年经验即可，或本科学历具有2年以上工作经验；2.扎实的统计学、数据分析、数据挖掘基础和统计建模能力；3.掌握常用算法原理，熟悉数据挖掘、机器学习，尤其是关联分析、分类预测、聚类分析、协同过滤、时间序列分析等常用分析方法；4.了解spark框架结构及运行原理，能独立设计并实现spark/mapreduce程序者优先；5.掌握C/C++/Java/Python等至少一门高级编程语言，精通python者优先，熟悉MYSQL;6.具备良好的沟通能力，思维活跃，有较强的学习能力和创造力。,https://www.lagou.com/jobs/3802151.html
1,星垂智能招聘,Android开发经理,25k-40k,西安,经验5-10年,本科及以上,全职,西安-高新技术产业开发区-绿地中心A座,"移动端,Android","星垂智能 ZENO 是一家总部在西安的科技创业公司，由连续创业者们创立，创始人们曾在美国，阿联酋等地工作和创业。目前 ZENO 处于影藏模式中，已经获得来自阿联酋，加拿大和新加坡的客户。公司位于西安，并在迪拜设有分公司。
公司提供完善的福利制度和行业内 Top 5% 的薪资。我们期望新同事拥有良好的英文沟通能力，对新技术的敏锐性和对新鲜事物的好奇心。

薪资福利
- 25k 起，可以沟通，保证市场上前 5% 的薪水
- 五险一金以及其他法律规定的员工基础福利
- 每年至少一次的国外旅行或者到其他国家办公室访问机会
- 产假（无论性别）
- 健身房会员
- 其他人性化的福利政策

岗位职责
- 负责产品 Android 端 App 平台的开发、架构设计、性能优化、产品迭代
- 负责Android 端新技术研究、功能扩展
- 带领团队一起定义，设计，和发布新功能
- 识别并纠正产品瓶颈以及修复 BUG
- 主导维护代码质量，组织结构和自动化过程

任职要求
- 2年以上 Android 开发经验，至少有一款成功上线运营的 APP
- 熟悉 Android 的官方设计规范
- 熟悉 Java 语言，数据结构，常用的算法
- 开发基础良好，理解设计模式，在项目或产品中有很好的设计实践
- 对 Android 的 UI 开发非常熟悉，并有自己的 UI 架构心得和经验
- 熟悉 Android 常用的框架和原理，熟练使用 Rxjava，Retrofit，Eventbus 等
- 熟练使用 Android 调试工具，可以快速定位查找问题，有相关的网络优化、内存优化、性能调优经验
- 基本功扎实，可以应付各种 Android 复杂问题，并迅速给出解决方案
- 熟练掌握 Android 下服务、线程、进程的通信机制
- 了解不同应用商店的上线规范和相关的审核机制

- 优先考虑拥有软件工程、计算机及电子工程的学士或硕士学位的候选者
- 优先考虑有 Web 开发技术和 Hybrid app 混合开发经验的候选者
- 优先考虑有多个完整 Android 项目经验，至少至少参加过一个完整的商业级手机应用项目的技术框架搭建、关键技术选型工作的候选人",https://www.lagou.com/jobs/5317800.html
2,航语科技华为西安DC部门岗位招聘,软件开发工程师,30k-55k,西安,经验5-10年,本科及以上,全职,西安-高新技术产业开发区-锦业路127号,"Java,MySQL","职位描述：
1、负责政务云服务、政务大数据项目的需求分析、软件架构设计、集成架构设计；2、外包开发团队管理，评估实现需求所需的工作量，对开发项目进行总体管理，符合进度、质量和成本要求； 3、自研政务云服务的营销和交付资料开发，推动解决方案销售，与客户就需求进行沟通与澄清；4、关键项目拓展支持和交付。6、作为软件开发骨干，带领外包开发团队实现版本需求； 
任职要求：1、本科以上，计算机科学、软件工程相关专业2、3年以上政务项目、政务管理平台相关开发经验，太极、东软、新华三、浪潮、阿里、腾讯相关工作经历优先3.必须有数据或云相关项目经验的java开发研发经验",https://www.lagou.com/jobs/5492706.html
3,细刻科技招聘,独立站运营经理（西安）,20k-30k,西安,经验3-5年,大专及以上,全职,西安-高新技术产业开发区-锦业一路52号宝德云谷国际B栋13层1号,"电商,项目管理","岗位职责：
1.负责公司B2C独立网站销售团队建设，完成公司每个阶段销售目标；
2.负责部门人员业务工作的指导，管理和监督，并实施相应的绩效考核；
3.负责平台的运营，销售及管理工作；
4.负责制定并执行平台营销销售策略和销售计划；
5.负责独立站内的产品分析（商品定价、确定主推商品、分析销售情况），产品销售（商品上架、商品销售、配合推广促销），产品促销（策划活动方案、执行促销活动、协助促销宣传），产品编辑，带领团队达成以盈利为导向的销售目标；制定各阶段的销售目标以及完成情况进行统计、分析、汇报和总结。
6.培养内部优秀员工，明确公司每个阶段的目标，打造一支有活力的团队；
7.关注竞争对手独立站营销模式，不断的学习与超越。

任职要求：
1、本科以上学历，英语听说熟练，两年以上跨境电商独立站管理运营经验；
2、熟悉外贸B2C网站的运营和盈利模式，具有运营平台战略规划、网站宣传推广、活动策划及日常运营管理等方面的专长；
3、了解网上购物者的购物习惯和购物心理；熟悉各平台营销推广工具和推广方式，能制定切实可行的推广方案;
4、 对电子商务网站、店铺的整体框架建设、网络营销、数据库营销及客户管理等方面有深刻认识;
5、有环球易购/兰亭集势/有棵树/棒谷等电商公司项目经理（服装）运营经验者优先考虑。

公司为您提供完善的个人发展平台，成功加入细刻您将享受:
1、上班时间：5天8小时制，1-9月份双休，10-12月份单双休轮休，旺季！你懂得！
2、弹性工作制：（9：00-18：00 or 10：00-19：00）避开拥挤的上班人潮，完美错开早晚高峰。
3、基本保障：五险一金、工作日餐补、带薪年假都是妥妥的，且年假最高可达15天！
4、晋升通道：90%以上管理岗都是内部选拔提升，升职 加薪 迎娶白富美，指日可待！
5、培训体系：不清晰职业发展通道？担心发展有局限？细刻学院满足你！公司设立细刻学院，为员工的职业发展规划提供各种内训或外训。
6、富有竞争力的薪酬体系：高于市场平均薪资的薪资水平，保障你为公司努力付出，就一定会有收获！
7、生日福利：总有人记挂着你，并为你的生日精心准备！公司专门定做蛋糕、邀帅哥美女陪你一起happy。
8、节假日福利：端午、中秋、圣诞……各种节假日，担心一个人度过无聊吗？公司暖心开party！并准备各种礼物福利，让你安心工作的同时，开心生活。
9、设部门月度活动经费，用于部门伙伴聚餐、唱K、羽毛球等团建活动。这些还不够，每年不定期还会举行多次员工集体活动，让您在细刻工作期间，收获的不仅仅经验，更多的还有快乐，甚至男/女盆友（偷偷爆料，公司美女帅哥，不是一般的多哦）~",https://www.lagou.com/jobs/4540657.html
4,数云研发部招聘,大数据平台架构师（西安）,18k-30k,西安,经验5-10年,大专及以上,全职,西安-高新技术产业开发区-光华路-高新三路人保大厦18楼1807室,"大数据,架构师","岗位描述：
1、 规划大数据平台的架构和部署需求，把握系统的高可用、扩展性、安全性、性能、伸缩性等；
2、 负责大数据平台的技术选型、大数据系统架构设计、整体框架实现、核心代码编写、技术文档编写等；
3、 负责大数据项目的技术把关，控制架构质量，解决项目开发过程中的技术难题，优化现有框架的性能瓶颈；
4、 负责数据基础架构和数据处理体系的升级和优化，不断提升系统的稳定性和效率，为公司的业务提供大数据底层平台的支持和保证；
5、 负责建立和维护大数据平台技术标准规范，组织技术团队成员在遵循整体架构规范下，落实高质量的项目实施；
6、 研究大数据前沿技术，改进现有系统的设计和实现，制定大数据平台发展战略规划
 
岗位要求：
1、5年以上大数据项目实战经验，3年以上大数据平台架构建设经验，熟悉Hadoop、Hbase、Storm、Spark的工作原理，并有相应平台性能调优经验；
2、熟悉LINUX，JAVA基础扎实，掌握IO、多线程、集合等基础框架，熟悉分布式、缓存、消息等机制，熟悉脚本编程；
3、熟悉其它分布式存储相关技术，包括HDFS、Hive、Kafka、Zookeeper、ElasticSearch、Redis、Mongodb、Cassandra等
4、熟悉分布式系统的监控、运维、故障恢复，高可用原理和设计理念；
5、深刻理解大数据处理(流计算、分布式计算、分布式文件系统、分布式存储)等相关技术和实现方法；
6、熟悉OLAP，有海量数据即席查询系统设计和研发经验；
7、具有强烈的目标感、良好的服务意识、团队精神和自我驱动力，能承担一定压力，有很强的分析和解决问题的能力，有强烈的责任心；
8、负责过大型互联网公司数据平台架构的经验优先",https://www.lagou.com/jobs/4546675.html
5,WisdomGarden研发部招聘,Java高级工程师,13k-26k,西安,经验5-10年,学历不限,全职,西安-高新技术产业开发区-锦业一路龙旗科技园,,"职位描述：开发和维护公司的教育软件产品，主要基于B/S架构。我们希望你：有扎实的编程功底，热爱编程有java相关技术栈的web开发经验，虽然在这里你将绝不会只用一种语言和技术编程热爱且善于学习和钻研各种新技术、新语言英语水平能够支撑自己及时获取和交流最新的技术信息有良好的团队合作精神,有责任感,有较好的沟通能力我们可以提供给你的是：与国内最有经验的敏捷软件开发团队一起工作的机会，你将有机会采用最先进的技术，实践最极限的敏捷软件开发结合领先的教育理念和技术，为改善教育行业做贡献",https://www.lagou.com/jobs/592516.html
6,Yeahmobi招聘,高级系统运维工程师,16k-28k,西安,经验3-5年,本科及以上,全职,西安-高新技术产业开发区-天谷八路软件新城二期A3-1西侧,"信息安全,云计算,运维,信息安全","岗位职责：
线上和线下阿里云系统及云服务的规划（包括网络规划，安全规划，容量规划等），系统的运维、优化及业务系统的自动化发布，系统及业务监控报警的规划和维护工作
    
岗位要求：
1、熟悉服务器、存储的巡检和监控; 
2、熟悉系统事件监测、通知、升级、故障隔离及解决;
3、熟悉各类虚拟化容器镜像的构建如docker等； 熟悉虚拟化调度框架的运行及维护 包括Mesos（Marathon）， Kubernetes等
4、熟悉系统安全加强、系统补丁程序管理，保证系统更加稳定和安全的运行; 
5、熟悉虚拟化场景下业务系统系统部署、升级扩容; 
6、熟悉VPC及网络规划，能够根据业务进行整体业务网络的划分和网络安全规划
7、掌握一门脚本语言Python或者Shell; 
8、熟悉自动化工具的使用如Ansible
9、熟悉多个阿里云产品，有多年阿里云系统运维经验优先",https://www.lagou.com/jobs/4569566.html
7,庖丁科技招聘,C++工程师,18k-30k,西安,经验不限,本科及以上,全职,西安-高新技术产业开发区-唐延路-唐延路11号西安国寿金融中心A座8楼804,C++,"精通 C/C++ 语言编程，熟练使用 Qt；
熟悉 Window 操作系统和 VS 开发环境，熟悉 mingw/cygwin 等环境；
精通 常用操作系统下的TCP/IP协议栈接口、Socket、IPC、多进程、多线程、文件系统等；
对数据结构和算法设计具有较深刻的理解；
善于学习和运用新知识，具有良好的分析和解决问题能力；
 具有良好的团队合作精神和积极主动的沟通意识 。 

加分项：

有实际应用的Windows 客户端项目；
Github 有项目超过 100 star，或给大型项目贡献过代码;
写技术博客（或微信公众号）2 年以上，或者 50 篇以上。",https://www.lagou.com/jobs/5091942.html
8,西安卓派信息科技有限公司MIS招聘,Java高级开发工程师,25k-40k,西安,经验5-10年,本科及以上,全职,西安-高新技术产业开发区-沣惠南路-沣惠南路34号摩尔中心A座2102,"移动互联网,后端,分布式,全栈,Java","我们的团队：
如果你不只满足于机械的码代码，如果你对新技术仍然具有好奇心和热情，如果你希望自己感兴趣的技术会在日常工作中实践并产生价值，如果你想技术能力，沟通能力，英语表达能力都有质的提升，那么，我们团队一定会是你的选择。像所有创业型公司一样，我们后端团队在抗住了大量业务需求的洗礼之后，回头看我们的代码——一地鸡毛。于是，我们和美国工程师团队一起，开始了从Monolithic Architecture到Microservices，从传统的需求拆解分派到scrum，从手动部署到基于Circel CI的 CI/CD, 再到基于docker的service虚拟化，基于kubernetes的容器编排发布等一系列的改变。同时，为了能做到自动化运维，我们加入了Prometheus, Jaeger, Grafana等工具来对我们系统做实时监控，确保服务的高可用。重要的是，这一切的改变正在进行，不舍昼夜。经过三年的努力，团队里的每个成员都在和公司一起快速成长，他们崇尚技术，注重分享，勇于迎接挑战，对工作严谨负责，像这样处在变革中的飞速成长的团队，值得每一位对自己有要求有期待的程序员加入。
Experience
• 7+ years of full stack engineering experience.
• Track record of delivering products within a service oriented, microservice, or other modern architecture.
• Meaningful hands-on experience leveraging cloud infrastructure, implementing or utilizing CI/CD pipelines or operational tooling for large software systems.
• Strong verbal and written communication skills and able to communicate effectively to technical and non-technical team members.
• Motivated by a sense of urgency and ownership.
BS Degree in Computer Science or related field; or equivalent professional experience.
• Good command of English, both orally and in writing
Preferred 
• Graduate degree in Computer Science.
• Proven track record of delivering event streaming architectures.
• Hands-on experience in operating software systems in AWS.
Engaged in the open source software community.
• Strong sense of customer empathy.
• In love with coding.
薪酬福利：
1.六险一金；
2.国家法定节假日与带薪年休假；
3.有竞争力的薪酬及福利；
4.加班晚餐补贴及交通补贴
5.其他福利：水果零食+生日礼物+节日礼物+宝宝礼金+新婚礼金+定期旅游+“五四”青年节假期+“六一”儿童节假期+“三八”妇女节假期
关于我们：
NEXT Trucking是全美首个以货车车主与小型车队为中心、连接货主与车主的网络平台，目前已完成由红杉资本领投的B轮融资。西安卓派信息科技有限公司作为NEXT Trucking在中国设立的子公司，负责为整个NEXT Trucking所运营的网站以及多种产品提供专业的研发、培训和技术支持。",https://www.lagou.com/jobs/2361627.html
9,寄云科技营销中心招聘,高级销售经理,13k-26k,西安,经验5-10年,本科及以上,全职,西安-高新技术产业开发区-锦业一路研祥城市广场,"云计算,大数据,客户代表,区域销售,大客户销售,市场拓展","岗位职责：1、 负责大型及超大型企业客户的销售商机挖掘和需求沟通，推动公司的产品销售；
2、 推动区域目标行业客户及合作伙伴的建立与维护，按照公司要求扩大区域销售网络；
3、 负责公司签约项目的实施跟进及合同收款，达成公司下达的业绩指标。

任职要求：1、 28-38岁，本科及以上学历，形象气质佳，男女不限；
2、 对于云计算，大数据，物联网，自动化等智能制造领域的知识比较熟悉，有2年以上的相关领域的销售工作经验；
3、具有专业的商务演讲和谈判的能力和技巧，以及较强的公关能力和行业开拓能力；
4、工作专业有激情，做事诚信讲原则，有正确的价值观，没有任何违法乱纪的工作背景；
5、有极强的责任心，能吃苦耐劳，能接受出差，能承受较大的工作压力和挑战。

以下情况可优先考虑并可放宽学历及年龄条件：
1、有1年及以上工业互联网领域工作经验者；
2、熟悉至少1-2个工业领域，有轨道交通、石油能源等行业工作经验者。",https://www.lagou.com/jobs/5379086.html
10,宏元富成招聘,技术主管,15k-30k,西安,经验5-10年,本科及以上,全职,西安-高新技术产业开发区-软件园,"部门管理,技术管理","工作职责:
 
参与系统架构开发，通过网络改变人类协作，将网络技术发展到高于电子商务和社会互联网的阶段Chance of participating in developing a system architecture to change how human collaborate through web, move the web capability to the next level beyond e-commerce and social network
应用桌面及手机终端设备上的浏览器技术，学习开发最先进的用户体验产品
Learn how to develop state-of-the-art user experiences using different browsers technologies on desktop and mobile devices
攻克技术难题并完成互联网领域前沿的、极具挑战性的工作
Resolve technical challenges and accomplish tasks that no-one has done before
与资深的国内外技术专家共同讨论解决方案
Discuss solutions and exchange ideas with experienced technical experts
学习IT产业从产品开发到市场营销的整个流程
Learn IT industry all the way from product development to marketing and sales
愿意与海外(美国)市场销售团队一起工作
Chance to gain overseas (USA) work experiences with Sales and Marketing team
 
工作描述：
 
Right Response, LLC. 意在招聘具有创业型精神，同时愿意从公司愿景出发的致力于扩大公司业务的优秀人才。因此我们期望员工对高级网络程序开发感兴趣，同时愿意去开拓新领域的产品和业务，并将原型概念付诸实践。
新入职的员工会参与设计研发先进的协作网络的产品---Collaborative Network，为美国教育行业服务。工作内容包括与美国的项目经理，销售及市场团队协作，了解需求，开发网络应用程序，依据原型和概念开发出创新的产品。
Right Response, LLC. is looking for individual with entrepreneurial spirit to help us to expand the business and take company vision into reality. This unique opportunity will require individual interested in advanced web application development, exploring new frontiers of web potentials and taking concept to actuality.
Qualified individual will be initially assigned to Right Response, LLC.  SchoolStream product line; an advanced collaborative network system designed for US educational industry. Daily job includes web application development, prototyping and concept proving, coordination with US project managers, sales and marketing team.
 
任职要求:
拥有创造社会价值和成就一份事业的激情
Passionate in creating value and making a difference for the society
软件工程，计算机科学等相关专业毕业，本科及以上学历
With a Bachelor or above related degree in Computer Science, Engineering
精通ASP.NET技术，有面向对象开发相关工作经验
Proficient in asp.net, with object oriented programming related working experience
有Windows服务器运维的相关经验，有数据库管理经验
Experience in Windows Sever maintenance and database management
有软件测试及质量管控的管理经验
Management experience in product testing and quality control
IT专业知识有深度和广度，愿意根据公司的需求学习新技术
Broad and deep IT professional knowledge, willing to learn new skills base on company needs
出色的沟通及跨部门合作能力
With strong communication and cross-group collaboration capability
具有强烈的责任感和抗压能力
A strong sense of responsibility and ability to work under pressure
有项目管理或团队管理经验者优先考虑，或有管理者的潜质
Project management or team management experience are preferred，or with management potential
英文良好
Good command of English",https://www.lagou.com/jobs/4436932.html
11,华软科技招聘,架构师,20k-40k,西安,经验10年以上,本科及以上,全职,西安-高新技术产业开发区-科技二路-高新区高新六路38号腾飞创新中心,"技术管理,系统架构","职位描述：
1.负责分布式开发平台的架构规划及部分研发工作；

2.解决产品研发过程的技术难点；

3.负责推进研发效率的提升，包括代码管理、文档管理、研发流程控制、角色协作、持续交付、日志分析、系统状态监控等内容；

3.协助技术研发团队进行分布式开发平台应用的研究及拓展；

4.提升团队的系统分析与架构能力，帮助团队沉淀相应的技术资产。

任职要求：

1、 精通Java/J2EE编程，有8年以上开发经验，3年以上架构师经验；

2、 熟练掌握设计模式，并在实际设计时运用；

3、 精通主流技术栈，如Spring，Mysql，redis，kafka，zookeeper等；

4、 能熟练使用常见分布式框架，如Spring Cloud、dubbo等；

5、 有良好的代码书写、注释和单元测试习惯；

6、 熟悉Linux操作系统，掌握常用的Linux命令，熟练Docker/Kubernetes等容器化系统优先考虑；

7、 主观能动性强，具备良好的沟通合作技巧，强责任心及团队合作精神，具有一定的领导能力。",https://www.lagou.com/jobs/5538692.html
12,网心科技云计算产品部招聘,c++/go云计算研发工程师,15k-30k,西安,经验1-3年,本科及以上,全职,西安-高新技术产业开发区-光华路-西安高新园环普产业园,"云计算,服务器端,C++,GO","【工作职责】：
1、负责研发、维护星域共享云计算服务相关模块；
2、负责云计算前沿技术的研究与应用；
【职位要求】：
1、本科以上学历，具有3年及以上互联网服务端开发工作经验；
2、熟悉c++/golang语言编程，熟悉IO、多线程等，掌握HTTP、TCP/IP等网络相关技术；
3、熟练掌握 Restful API 接口设计标准及规范；
4、熟悉MySql、Redis、kafka 或者 RabbitMQ等开源中间件；
5、具备高可用、高并发分布式系统开发设计经验优先；
6、熟悉PHP、LUA优先；
7、有拜读过 NGINX 源码的优先；
8、自我驱动意识，积极主动，责任心强，有很好的抗压能力及团队精神；",https://www.lagou.com/jobs/5565446.html
13,高灯科技招聘,大区销售经理,25k-45k,西安,经验5-10年,本科及以上,全职,西安-高新技术产业开发区-西安,"KA,大客户代表,市场管理,创业","【岗位职责】
1. 参与销售策略制定：根据公司年度战略及市场销售目标，制订制定各阶段销售计划、销售目标并组织实施、完成；
2. 市场信息分析：能够通过各种渠道收集并了解所辖大区内电子发票业务的最新合作政策、新项目机会及竞争对手实际信息，快速响应并制定出符合企业拓展市场的销售政策；
3. 渠道建设：根据产品属性、市场差异化，因地制宜制定渠道拓展计划，建立完善的销售网络以增加产品销售范围；
4. KA客户管理：重点开拓所辖区域内大客户及进行维护，建立友好客情关系，推动业绩完成，行业包括但不限于大型连锁餐饮、酒店、零售等开票需求量大的行业；
5. 团队搭建：负责所辖大区销售团队搭建、能力开发等销售、管理工作；
6. 负责协调大区与总部各部门的合作与协同，确保顺畅沟通，高效执行各项活动。
 
【岗位要求】
1. 统招大学本科及以上学历，专业不限；
2. 具备3-5年的一线销售实操经验，5年以上区域团队管理经验；
3. 具备优秀的团队管理能力，有极强的销售热情和成功欲望，能激发员工的销售积极性，能够带领团队完成销售任务，以结果为导向；
4. 敏锐的市场洞察力和准确的客户分析能力，能够有效开发客户资源；
5. 具备高效的团队合作精神和高度的工作热情。
 
【工作时间】
早上9点半-下午6点，午休1.5小时。",https://www.lagou.com/jobs/5400008.html
14,奥比中光西安研发中心招聘,立体视觉算法工程师-XA,15k-30k,西安,经验3-5年,硕士及以上,全职,西安-高新技术产业开发区-光华路-高新二路创业街区海归楼5F,算法,"工作职责：
1. 负责深度图像生成算法研发；
2. 负责三维光学测量原型系统开发；
任职资格：
1. 硕士及以上学历，计算机、电子信息、摄影测量相关专业
2. 具备良好的学习能力，能够熟练阅读英文文献，并根据文献实现相关算法；
3. 熟练使用C/C++，Python，较强的原型实现能力
4. 在SFM、双目视觉、结构光三维测量、摄影测量任一领域有深入研究。",https://www.lagou.com/jobs/4425750.html
15,贝业思研发部招聘,数据科学家/算法专家,20k-40k,西安,经验1-3年,博士及以上,全职,西安-高新技术产业开发区-沣惠南路-科技二路与沣惠南路十字泰华金贸国际,"算法,数据挖掘","岗位职责：
算法设计：根据产品的需求，确定数据收集方案和最优的数据分析方法。指导数据工程师收集模型所需数据和对数据进行融合，并将最终确定使用的模型产品化。
算法追踪：负责跟踪机器学习和深度学习论文的最新进展，并将最新的方法运用于公司产品。
算法研发：跟公司的其它数据科学家合作，参与相关算法的研发。
 
职位要求：
博士学历，计算机、数学、统计、经济等相关专业；
精通主流的机器学习和深度学习算法，深入理解各算法的基本原理，有算法实际运用的经验；
有很强的代码能力，至少会Python，Scala 或者JAVA一门语言，对大数据技术有一定的了解。
熟悉Hadoop/spark相关组件者优先；
有丰富的自然语言处理技术和算法者优先考虑；
有大型数据挖掘项目经验者优先考虑；
有强烈的学习欲望和主动性，对数据分析有热情;
良好的沟通能力和团队协作精神，有较强的组织和协调能力；",https://www.lagou.com/jobs/4560864.html
16,星垂智能招聘,技术总监,40k-60k,西安,经验5-10年,本科及以上,全职,西安-高新技术产业开发区-绿地中心A座,"大数据,技术管理,系统架构,团队建设,架构师","星垂智能 ZENO 是一家总部在西安的科技创业公司，由连续创业者们创立，创始人们曾在美国，阿联酋等地工作和创业。目前 ZENO 处于影藏模式中，已经获得来自阿联酋，加拿大和新加坡的客户。公司位于西安，并在迪拜设有分公司。
公司提供完善的福利制度和行业内 Top 5% 的薪资。我们期望新同事拥有良好的英文沟通能力，对新技术的敏锐性和对新鲜事物的好奇心。
薪资福利
- 保证市场上前 5% 的薪水
- 五险一金以及其他法律规定的员工基础福利
- 每年至少一次的国外旅行或者到其他国家办公室访问机会
- 产假（无论性别）
- 健身房会员
- 其他人性化的福利政策

岗位职责
- 负责整个产品的架构设计和开发
- 追踪前沿技术，探索将新技术应用于实际业务
- 主导技术开发相关策略的制定与执行- 通过设计思维深入了解用户需求
任职要求
- 至少8年软件开发背景，至少2年团队管理经验，带过10+人的研发团队，熟悉开发的各个流程
- 计算机/统计/数据分析/机器学习等相关专业硕士及以上学历，拥有资深行业工作经验- 技术视野广阔，有主导前端技术方案设计的能力和经验
- 极强的好奇心，对技术与设计和商业的结合方面有兴趣
- 良好的英文沟通能力，英文文档写作能力
- 优先考虑有在国际化团队工作经验的候选人",https://www.lagou.com/jobs/5401377.html
17,航语科技华为西安DC部门岗位招聘,云管理平台架构师,30k-60k,西安,经验5-10年,本科及以上,全职,西安-高新技术产业开发区-锦业路127号,架构师,"职位描述：
1、负责云服务、云管理平台软件项目的需求分析、软件架构设计、集成架构设计；
2、外包开发团队管理，评估实现需求所需的工作量，对开发项目进行总体管理，符合进度、质量和成本要求； 
3、自研CMP平台的营销和交付资料开发，推动解决方案销售，与客户就需求进行沟通与澄清；
4、关键项目拓展支持和交付。
任职要求：
1、本科以上，计算机科学、软件工程相关专业
2、3年以上云服务、云管理平台相关开发经验，飞致云（Fit2Cloud）、青云、易捷行云、新华三、IBM、VMware工作经历优先
3、至少3个电信、金融、政府行业私有云、混合云开发管理项目经验。（17+岗位要求）
4、英语听说读写熟练优先

专业知识
1、熟悉主流开发框架，具备至少一种云管理平台或云服务平台的软件架构设计经验；
2、熟悉主流虚拟化和公有云平台，包括但不限于VMWare、Hyper-V、KVM、AWS、Azure、阿里云等，了解其软件架构、主要功能、集成方式；
3、熟悉主流ITSM和ITOM平台，包括但不限于BMC、HP、ServiceNow等，了解其主要功能，与云管理平台集成对接的方式。（17+岗位要求）

关键技能
1、能够根据客户业务需求确定云管理平台的功能需求、集成需求，评估开发范围、集成方式、开发工作量，并带领团队开发实现；
2、对云管理平台、云服务平台的技术发展趋势有较深的理解和研究，了解当前和未来的主要技术发展方向（17+岗位要求）

（可base北京）",https://www.lagou.com/jobs/5492757.html
18,数云研发部招聘,大数据仓库架构师（西安）,18k-30k,西安,经验3-5年,大专及以上,全职,西安-高新技术产业开发区-光华路-高新三路人保大厦18楼1807室,"大数据,架构师","岗位描述：
1、 负责/参与核心业务流程的数据分析体系建模、数据仓库架构设计、数据集市的设计；
2、 负责/参与构建基于用户行为的标签系统；
3、 负责/参与建设数据质量体系
4、 负责/参与数据仓库相关的应用系统的设计和开发
5、 负责/参与数据治理，统一数据口径，制定数据标准化规则
6、 负责/参与ETL流程的优化及解决ETL相关技术问题
7、 负责/参与日常数据仓库的监控、分析、性能调优、故障诊断与排除等工作；
 
岗位要求：
1、 本科或以上学历，计算机、数学或相关专业；
2、 熟悉数据仓库各类建模理论，以及数据仓库数据层级关系，具备大型数据仓库逻辑模型和物理模型设计经验，拥有3年以上相关工作经验；
3、 熟练掌握Java、Scala开发语言， 熟悉Python， Shell等脚本语言；
4、 理解Hadoop MR、Hive、HBase、Spark等开源软件的工作原理，具备相关工作经验；
5、 熟悉海量数据的处理，开发、优化并管理过上T级别的大数据作业；
6、 熟悉数据标准管理、元数据管理，有数据治理相关项目的工作，对数据质量管理有深入见解；
7、 有强烈的责任心、良好的沟通协调能力、团队合作精神、能承受工作压力
8、 有从事分布式数据存储与计算平台应用开发经验，熟悉Hadoop生态相关技术并有相关实践经验着优先
9、 熟悉数据仓库领域知识和技能者优先，包括但不局限于：元数据管理、数据开发测试工具与方法、数据质量、主数据管理",https://www.lagou.com/jobs/4546680.html
19,WisdomGarden研发部招聘,Python高级工程师,13k-26k,西安,经验5-10年,学历不限,全职,西安-高新技术产业开发区-锦业一路龙旗科技园,,"职位描述：开发和维护公司的教育软件产品，主要基于B/S架构。我们希望你：有扎实的编程功底，热爱编程有python相关技术栈开发经验，虽然在这里你将绝不会只用一种语言和技术编程热爱且善于学习和钻研各种新技术、新语言英语水平能够支撑自己及时获取和交流最新的技术信息有良好的团队合作精神,有责任感,有较好的沟通能力我们可以提供给你的是：与国内最有经验的敏捷软件开发团队一起工作的机会，你将有机会采用最先进的技术，实践最极限的敏捷软件开发结合领先的教育理念和技术，为改善教育行业做贡献",https://www.lagou.com/jobs/592514.html
20,Yeahmobi招聘,高级大数据运维,16k-26k,西安,经验3-5年,本科及以上,全职,西安-高新技术产业开发区-天谷八路软件新城二期A3-1,"大数据,Hadoop","1、负载公司Hadoop集群规划、管理工作并保证集群的高可靠；
2、深度优化HADOOP平台MR作业/计算框架/存储技术，提升集群吞吐并降低成本
3、hadoop和其他各业务线系统的日常监控、数据备份、数据监控、报警、故障处理；
4、研究运维相关技术，根据系统需求制定运维技术方案，开发自动化运维工具和运维辅助系统；
5、深入研究大数据业务相关运维技术，持续优化集群服务架构，探索新的大数据运维技及发展方向。
 
岗位要求：
1.五年以上运维或开发工作经验，其中三年大数据或数据仓库经验；
2.熟悉Hadoop/Hbase/Hive/Impala/Flume/Zookeeper/Spark/ELK等开源项目，有patch源代码经验者尤佳；
3.有AWS或其他云平台使用和管理相关的经验
4.精通Linux操作系统的配置、管理及优化，能够独立排查及解决操作系统层面的问题；
5.至少精通 Perl/Python/Shell脚本语言中的一种；
6.有大型互联网公司HADOOP开发、测试、运维、应用工作经验者，熟悉源码尤佳。",https://www.lagou.com/jobs/3242086.html
21,西安卓派信息科技有限公司MIS招聘,高级前端开发工程师,15k-30k,西安,经验3-5年,本科及以上,全职,西安-高新技术产业开发区-沣惠南路-沣惠南路34号摩尔中心A座2102,"移动互联网,Angularjs,Reactnative,Hybird","我们的团队：
前端技术团队经过三年的成长和调整，逐步建立并完善开发流程和技术规范，定期讨论分享技术和经验，时刻关注前端的业界风向，随着团队及行业的不断发展共同进步。
Team目前主要的技术栈为AngularJS 1.X + Grunt + Nginx、React/RN + Redux + Webpack，周边包括Eslint/Jest/Aws套件等等，并且还在不断吸收和接纳各种主流、新潮、有趣的技术，主要负责公司Website（AngularJS）、Internal Dashboard（AngularJS/React）及Hybrid App（RN）的开发工作。作为Start-up公司的技术团队，时刻面临挑战，同时也充满机遇，目前，团队积极扩张中，非常欢迎对业务有思考、对技术有追求、重视规范和质量，勇于探索和实践的同学加入。

What You Will Do
• Utilize your ability to deliver features on both our React and React Native platforms.
• Make API calls and orchestrate, store, and interact with data in Redux.
• Utilize your understanding of the Redux lifecycle to create new actions and change state in Redux
• Make async function calls from within Redux and understand the reasons they are done in Redux
• Utilize and grow a reasonable understanding of Webpack.
Maintain design consistency as defined by the design team throughout our web and mobile products.
• Work with and develop reusable React components.
• Utilize a full understanding of the React component lifecycle.
Effectively communicate with product & design and demonstrate incremental progress of the front end to product & design.
• Write front end unit tests.
What You Will Need
• To demonstrate an effective use of web development tooling like Webpack, Grunt, Gulp, etc.
• To have built production applications in Angular/AngularJS, React/React Native, or Vue.js.
• To demonstrate an ability to manage long-term state in production front end applications.
• To have effectively structured and componentized a production front end application.
• To have formulated a facts-based opinion on the responsibility of a front end application relative to the responsibility of the APIs that the front end application uses.
• Good command of English, both orally and in writing
薪酬福利：
1.六险一金；
2.国家法定节假日与带薪年休假；
3.有竞争力的薪酬及福利；
4.加班晚餐补贴及交通补贴
5.其他福利：水果零食+生日礼物+节日礼物+宝宝礼金+新婚礼金+定期旅游+“五四”青年节假期+“六一”儿童节假期+“三八”妇女节假期
关于我们：
NEXT Trucking是全美首个以货车车主与小型车队为中心、连接货主与车主的网络平台，目前已完成由红杉资本领投的B轮融资。西安卓派信息科技有限公司作为NEXT Trucking在中国设立的子公司，负责为整个NEXT Trucking所运营的网站以及多种产品提供专业的研发、培训和技术支持。",https://www.lagou.com/jobs/3955140.html
22,寄云科技石油行业事业部招聘,java高级开发工程师,13k-26k,西安,经验5-10年,本科及以上,全职,西安-高新技术产业开发区-锦业一路研祥城市广场,"云计算,大数据,后端,服务器端,系统架构,架构师","岗位职责：
1、项目研发前期解决方案设计；
2、项目所需关键部件的选型设计；
3、项目实施过程中技术部分的管理。
 
任职要求：
1、大学及本科以上学历，5年以上开发经验；
2、深入的Java基础理论知识和实际开发能力，对相关技术领域的开源产品有深入的理解；
3、精通Internet基本协议（如TCP/IP. HTTP等）内容及Web安全应用；
4、精通领域建模，熟悉主流技术架构体系，熟悉敏捷开发等理念；
5、熟悉Spring+SpringMVC+Mybatis,Spring Boot+Mybatis等； 熟悉HTML、JavaScript、XML，熟练使用Ajax；熟悉常用的网络协议如tcp, http;熟悉vue等主流框架等；
6、熟悉缓存技术、异步框架、集群与负载均衡、消息队列、Mysql/PG数据模型的设计能力、Nosql的设计和规划等能力；
 
优先条件：
1、有大型项目现场实施经验者优先；
2、有大数据架构设计和开发经验优先。",https://www.lagou.com/jobs/5587334.html
23,宏元富成招聘,技术负责人,15k-30k,西安,经验10年以上,本科及以上,全职,西安-高新技术产业开发区-数8数字生活大厦,"技术管理,测试管理,团队建设","职位要求：

1. 参与系统架构开发，通过网络改变人类协作，将网络技术发展到高于电子商务和社交网络的阶段
2. 使用桌面及手机设备上不同的浏览器技术，学习开发最先进的符合用户体验的产品
3. 攻克技术难题并完成互联网领域前沿的、极具挑战性的工作
4. 与资深的国内外技术专家共同讨论解决方案
5. 学习IT产业从产品开发到市场营销的整个流程
6. 愿意与海外(美国)市场销售团队一起工作

工作描述：

Right Response, LLC. 意在招聘具有创业型精神，同时愿意从公司愿景出发的致力于扩大公司业务的优秀人才。因此我们期望员工对高级网络程序开发感兴趣，同时愿意去开拓新领域的产品和业务，并将原型概念付诸实践。
新入职的员工会参与设计研发先进的协作网络的产品---Collaborative Network，为美国教育行业服务。工作内容包括与美国的项目经理，销售及市场团队协作，了解需求，开发平台产品，并可以带领团队开发研发创新的高品质的产品，同时参与代码审核和产品质量管控。

任职要求：
1. 具有创造社会价值和成就一份事业的激情
2. 软件工程，计算机科学等相关专业毕业，本科及以上学历
3. 精通.NET平台的技术，有5年以上面向对象开发相关工作经验
4. 有软件测试及质量管控的管理经验
5. 有检查代码及管理开发团队的经验优先考虑
6. IT专业知识有深度和广度，愿意根据公司的需求学习新技术
7. 出色的沟通及跨部门合作能力
8. 具有强烈的责任感和抗压能力
9. 英文良好",https://www.lagou.com/jobs/5597971.html
24,华软科技招聘,高级java工程师,13k-26k,西安,经验5-10年,本科及以上,全职,西安-高新技术产业开发区-科技二路-高新区高新六路38号腾飞创新中心,后端,职位描述： 1.负责公司供应链金融相关系统的设计和研发； 2.负责编写相关系统的概要设计等技术文档； 3.负责接口和基础类库的设计，解决项目中的关键问题和技术难题; 任职要求： 1. 3年及以上Java开发经验者； 2. 熟悉JavaEE规范，扎实的JAVA基础，熟悉JAVA 1.5～1.8的相关特性，熟练掌握面向对象的编程思想，掌握事务处理机制；3. 熟悉设计模式，能灵活用设计模式来编写清晰明了、易维护的代码; 4. 熟悉java单元测试以及junit/testNG等单元测试框架；4. 熟悉分布式系统的相关技术；5. 熟悉java异步调用编程； 6. 熟悉rabbitmq/kafka等消息中间件和zookeeper的工作机制，能灵活运用rabbitmq/kafka、zookeeper构建分布式系统； 7. 较好的沟通能力、协调能力，具备良好的团队协作能力，勇于承担难题任务； 8. 有供应链金融相关开发经验者优先考虑。,https://www.lagou.com/jobs/5517229.html
25,网心科技云计算产品部招聘,PHP后台开发工程师,15k-30k,西安,经验1-3年,本科及以上,全职,西安-高新技术产业开发区-光华路-西安高新园环普产业园,"云计算,PHP","【工作职责】：
1、负责云计算运营平台设计与开发，提供高效稳定的一站式运营服务
2、负责云计算相关功能系统的设计与开发，要求容灾能力强、稳定可靠
【任职要求】：
1、计算机相关专业本科以上学历
2、2年以上从事互联网相关运营平台开发工作经验；
3、熟练掌握php语言，并了解相关开发框架
4、熟练使用Nginx、Mysql、Redis等服务，熟练掌握HTTP协议、linux相关命令
5、对Openresty、lua、go等方面了解的优先
6、有Javascript和H5开发经验者、或运维自动化研发工作经验者优先考虑",https://www.lagou.com/jobs/5566576.html
26,奥比中光西安研发中心招聘,计算机视觉算法工程师-XA,15k-30k,西安,经验5-10年,硕士及以上,全职,西安-高新技术产业开发区-天谷八路156号云汇谷C2栋11、12层,算法,"工作职责：
结合RGBD相机，研究最前沿的检测、跟踪、识别算法
任职资格：
1. 硕士及以上学历，计算机、电子信息类相关专业
2. 熟练掌握数据结构和算法设计，扎实的数学基础
3. 具有较强的计算机编程实践能力，强烈的好奇心，快速的学习能力
4. 在以下至少一个方向有过深入的工作与研究：人脸检测识别，目标检测与跟踪，物体识别，图像分割",https://www.lagou.com/jobs/4575823.html
27,西安咸临益志商贸有限公司研发部招聘,seniordev/techlead,20k-30k,西安,经验5-10年,学历不限,全职,西安-高新技术产业开发区-环普软件园,"ASP,Java,PHP,Python","岗位职责：
1.负责设计和规划业务系统平台架构；
2.主导业务平台架构搭建，制定各项研发规范，搭建基础研发环境，推动架构的演化和发展；
3.主导技术方案和系统设计，把握复杂系统的设计，有能力解决性能、网络、分布式等引起的一系列技术问题；
4.为团队引入创新的技术、创新的解决方案，用创新的思路解决问题；
5.指导和培训技术人员，提升团队的技术分析、设计能力和系统架构能力；
6.独立工作能力强，能够从零开始创建项目、搭建环境，并指导团队成员统一步调完成项目。
 
岗位要求：
1.计算机软件或相关专业，四年以上开发经验，两年以上团队技术主导者；
2.有较复杂的业务系统的工作经验，高并发，高性能的网站经验；有大型互联网业务系统架构设计经验；
3.Net或Java/Python基础扎实，精通常用主流基础框架（框架提供的特性及其实现原理）；熟悉web系统的设计和部署，熟悉负载均衡、缓存、消息、搜索等机制，能对web系统的常用部署和运维技术进行合理应用，解决问题；
4.熟悉Mysql、SqlServer等数据库，具有较强的数据库设计和优化能力；
5.有较强的分析设计能力、方案整合能力和解决问题能力；
6.知识面广，思路开阔，需要在一项技术上有很深入的了解；
7.良好的团队合作精神，自我驱动，勤奋好学，关注互联网或应用开发的最新潮流，乐于尝试最新的技术，追求编写优雅的代码，从技术趋势和思路上能影响技术团队。
8. 可接受出差",https://www.lagou.com/jobs/5258397.html
28,Oracle招聘,.net开发工程师,15k-30k,西安,经验3-5年,本科及以上,全职,西安-高新技术产业开发区-天谷八路211号环普科技产业园E座606室,"C#/.NET,ASP,后端","【岗位职责】 1、参与系统的需求调研和需求分析  2、搭建系统开发环境，完成系统框架和核心代码的实现 3、负责性能分析软件的开发 4、系统开发测试、部署和集成 5、负责解决开发过程中的技术问题 6、参与代码维护与备份 
 
【必备技能】 1、3年以上C#语言开发经验 2、熟悉 C# 7、C# 8语言特性, 并灵活使用 3、熟悉 .NET 平台, 了解其周边工具和扩展 4、具备WEB开发经验, 有前端技能, .Net Core开发经验的优先 5、熟练掌握SQL, NoSQL等数据库开发技术 6、熟悉 C# 常用框架, 包括Web框架, 数据库框架, 测试框架等 7、熟悉OO 8、良好的编程风格，能够编写规范、优质的代码 9、良好的团队协作能力 
 
 
【加分项】 1、热爱学习, 保持对新技术, .Net新发展的关注 2、熟悉敏捷、测试驱动开发（TDD） 3、熟悉.Net应用整个开发生命周期：构建，开发，部署，运维 4、了解DDD，有微服务开发经验 5、喜欢阅读源代码 6、喜欢开源软件，乐于知识分享 7、喜欢学习，拥有持续学习的能力，认为学习本身就是一种乐趣 8、热爱阅读各类技术、非技术书籍，有写个人博客或者贡献过开源代码 9、拥有自我管理能力，自我驱动，做自己的老板",https://www.lagou.com/jobs/5629341.html
29,道通智能航空视觉部招聘,深度学习算法工程师,15k-30k,西安,经验不限,硕士及以上,全职,西安-高新技术产业开发区-沣惠南路-摩尔中心,"机器学习,深度学习,模式识别,算法","岗位职责：
1) 利用深度学习方法进行目标识别/检测/跟踪等方向计算机视觉算法的研究和开发。
2) 深度学习网路压缩方向算法的研究和开发。
3) 深度学习模型的训练和参数调优。
4) 深度学习算法的嵌入式移植和优化。
岗位要求:
1) 机器学习、模式识别、计算机视觉等计算机相关专业硕士及以上学历。
2) 在深度学习领域有较深的理论研究和实战经验。
3) 在图像识别、目标检测、目标跟踪、网络压缩、框架开发等领域有研发经验。
4) 熟悉常见的机器学习、深度学习和计算机视觉算法。
5) 至少熟悉掌握一种深度学习框架(如Caffe/Tensorflow/Pytorch/mxnet等)。
6) 有较强算法分析和实现能力, 熟练掌握C/C++及Python等编程语言, 熟悉Linux开发环境。
7) 善于分析和解决问题, 富有想象力和学习能力, 有良好的团队合作精神。
8) 有良好英文沟通和阅读能力, 有英文相关论文发表与SCI或EI检索的期刊和会议者优先。",https://www.lagou.com/jobs/4313130.html
30,星垂智能招聘,iOS技术经理,25k-40k,西安,经验5-10年,本科及以上,全职,西安-高新技术产业开发区-绿地中心A座,"移动互联网,高级技术管理","星垂智能 ZENO 是一家总部在西安的科技创业公司，由连续创业者们创立，创始人们曾在美国，阿联酋等地工作和创业。目前 ZENO 处于影藏模式中，已经获得来自阿联酋，加拿大和新加坡的客户。公司位于西安，并在迪拜设有分公司。公司提供完善的福利制度和行业内 Top 5% 的薪资。

我们期望新同事拥有良好的英文沟通能力，对新技术的敏锐性和对新鲜事物的好奇心。   

薪资福利
- 25k 起，可以沟通，保证市场上前 5% 的薪水
- 五险一金以及其他法律规定的员工基础福利
- 每年至少一次的国外旅行或者到其他国家办公室访问机会
- 产假（无论性别）
- 健身房会员 
- 其他人性化的福利政策  

主要责任 
- 设计和部署 iOS 平台应用
- 保证应用的性能，质量和响应
- 带领团队一起定义，设计，和发布新功能
- 识别并纠正产品瓶颈以及修复 BUG
- 主导维护代码质量，组织结构和自动化过程  

职位需求
- 熟练掌握 Swift 或 Objective-C, 以及 Cocoa Touch
- 有例如 Core Data, Core Animation 等 iOS 框架使用经验
- 有离线存储，线程，和性能调优经验
- 熟练掌握 RESTful APIs
- 熟悉其他 Web 开发技术和 UI/UX 标准
- 熟悉苹果的设计标准和接口指南 
- 熟悉使用工具进行性能或者内存优化
- 熟悉基准分析和调优
- 熟练掌握 Git 等版本管理工具
- 熟练掌握持续集成方法
- 熟悉敏捷开发方法
- 五年以上开发经验 

- 优先考虑拥有软件工程、计算机及电子工程的学士或硕士学位的候选者
- 优先考虑有 Web 开发技术和 Hybrid app 混合开发经验的候选者",https://www.lagou.com/jobs/5264862.html
31,寄云科技行业解决方案本部招聘,售前咨询顾问,15k-30k,西安,经验10年以上,本科及以上,全职,西安-高新技术产业开发区-锦业一路研祥城市广场,"云计算,大数据","岗位职责：
1. 与销售人员配合，在售前阶段准确了解客户需求；
2. 提出有针对性的行业解决方案；
3. 富有成效的方案讲解和演示；
4. 在项目投标过程中，编写相关技术文档。

任职要求：
1. 计算机及相关专业，本科及以上学历，10年以上工作经验；
2. 至少熟悉一个工业领域。熟悉轨道交通、石油装备等行业者优先；
3. 具有工业领域的咨询能力或工业领域的数据挖掘能力；
4. 了解基本的数据分析技术及理论知识；
5. 对工作富有激情，心态积极向上，善于学习新知识，具有较强的沟通和演讲能力。",https://www.lagou.com/jobs/5379136.html
32,华软科技招聘,Golang开发工程师,13k-26k,西安,经验5-10年,本科及以上,全职,西安-高新技术产业开发区-科技二路-高新区高新六路38号腾飞创新中心,"后端,Golang","岗位职责:
1、采用Go语言(Golang)开发高可用、 高并发的后端服务模块；
2、保证系统的效率和可靠性以及代码质量和可维护性；
 
任职要求:
1、大学本科以上学历计算机相关专业；
2、三年左右服务器端开发经验,一年以上Go语言开发经验；
3、熟练掌握mariadb、couchdb、Redis,熟悉Linux者优先；
4、熟练掌握常用数据结构和算法；
5、具有良好的抽象设计能力，思路清晰，善于思考，能独立分析和解决问题，责任心强，具备良好的团队合作精神和承受压力的能力；
6、学习能力强，能够无障碍阅读英文技术文档。
7、掌握区块链、超级账本相关技术者优先。",https://www.lagou.com/jobs/5517242.html
33,西安咸临益志商贸有限公司招聘,客户端开发工程师,15k-30k,西安,经验1-3年,学历不限,全职,西安-高新技术产业开发区-环普软件园,"前端开发,Android,Javascript,Reactnative","加入COBO的大前端团队，你可以在一流的工程师团队中参与开发令人激动的加密货币钱包
职位要求：
1.计算机相关专业本科及以上学历，2年以上软件开发经验；
2. 有良好的代码基础，熟悉JavaScript编程并了解主流的前端技术；
3. 了解react、Vue、angular等主流技术框架、熟悉react Native或者其他Hybrid技术优先；
4.对区块链相关技术有兴趣，有了解最佳；
5. 有原生IOS、Android开发经验的优先。",https://www.lagou.com/jobs/5680330.html
34,ThoughtWorks招聘,BusinessAnalyst业务分析师,15k-30k,西安,经验3-5年,本科及以上,全职,西安-高新技术产业开发区-环普科技产业园,"需求分析,敏捷","::如果你是这样的人，
• 很强的好奇心，有热情，有创造力
• 很喜欢问为什么，并认真倾听
• 喜欢琢磨研究行业市场
• 能把复杂的事情简单化
• 既能把控大局，又不错过细节
• 逻辑清晰，善于总结归纳发现模式和规律
• 比起一个人呆在小格子间，更喜欢热闹激烈的团队工作环境
• 面对挑战，“我可以”！
那么来ThoughtWorks做BA（业务分析师）就对了！
 
::为什么来ThoughtWorks做BA？
• 有机会和不同行业、不同背景的客户合作，拓展视野；
• 有机会在大型复杂产品团队中工作，提升综合的业务分析、客户管理、行业咨询的硬技能和软技能；
• 开放的职业发展通道，无论是业务咨询、数据分析、产品经理，还是体验设计师、管理者、咨询师、培训师，鼓励你自主选择、跨界发展。
 
::你将会面临的工作及挑战：
• 研究并理解客户的战略、商业模式，挖掘并揭示客户的痛点和诉求
• 帮助客户识别商业机会并建议落地方案
• 引导需求探寻和创新思考工作坊，产出客户认可的解决方案
• 创建并清楚展示方案蓝图，确保客户和交付团队理解并达成共识
• 定义关键目标、成功要素，识别风险、挑战、依赖和约束
• 有效引导和促进Product Owner、客户出资人、行业专家、技术团队、最终用户间的沟通和协作，保证产品从概念、到原型、到上线及运营的端到端交付
• 成为客户值得信赖和依靠的工作伙伴
• 应用并提升客户的设计思维、敏捷和精益软件交付能力
• 持续保有对新市场、新产品、新技术的学习热情，有积累和沉淀
• 支持并参与售前、社区活动
 
::我们期望你：
• 具有广阔的视野，具备对复杂企业所处行业、运营模式、业务流程的理解和洞察力
• 曾经经历过若干软件交付项目
• 经历过识别需求、拆分需求、细化需求并交付需求的过程
• 具有识别利益相关者，并有效管理和处理其间冲突的经历
• 具有较强的团队协作、会议引导能力
• 在业务、功能、技术问题上都有较强的理解力，能有效阐述和表达
• 喜欢全球化的工作环境，需要时可以用英语表达和交流
• 对前述挑战有浓厚的兴趣，喜欢接受挑战，学习能力强",https://www.lagou.com/jobs/5100641.html
35,捷通华声西安分公司招聘,售前技术支持总监（西安）,25k-50k,西安,经验5-10年,本科及以上,全职,西安-高新技术产业开发区-……,"云计算,项目管理",职位描述：    1.带领团队负责公司公有云平台服务及手写识别、光学字符识别、语音合成、语音识别、智能客服等HCI人工智能技术产品的售前技术支持工作；    2.负责售前团队部门管理工作，建设售前队伍、执行对重点大客户的售前咨询活动，支撑销售工作；    3.能够把握人工智能行业发展方向，在产业互联网/消费互联网领域可以提供专家级支持；    4.通过对公司重点大客户业务需求的理解，不断深入挖掘大客户的潜在需求，快速设计和构造重点客户的解决方案；    5.详细分析客户的业务需求，结合公司的技术产品，为客户提供最佳的解决方案，引导客户对技术和产品的选择；    6.对产品线上的产品进行生命周期管理，监督产品改进，组织、指导新产品的相关培训。        任职资格：    1.学历要求：      -毕业于211或985院校、统招本科及以上学历。    2.工作经验：      -5年以上售前技术支持工作经验；      -3年以上售前支持团队管理经验；      -熟悉软件类产品应用或人工智能类产品整体实现过程；      -有一定开发能力。    3.能力要求：       -具备卓越的逻辑分析能力，思维清晰敏捷，较强的整理能力和归纳总结能力；       -具备良好的团队管理能力，能够激发团队成员热情、自信与合作意识；      -具有强烈的学习意愿，具备较好的学习能力、问题分析能力、以及问题解决能力；       -良好的沟通协调能力和团队合作意识，能够主动总结和分享自己的工作经验；       -具有较强的写作能力和较好的客户沟通技巧，及较强的语言沟通能力，工作条理清楚；      -具有良好的服务意识、职业素养，具备项目掌控能力。    4.素质要求：       -工作踏实，态度积极，能够承受较大工作压力，能适应严格项目管理及公司的各项管理制度；      -有很强的责任心，正直诚实，值得信赖、有冲劲，意志坚定。    5.优先考虑：      -熟悉云计算、了解智能语音交互技术及应用，智能客服应用、CTI行业应用等HCI技术与应用产品，了解CTI、移动互联网、互联网、嵌入式平台等市场者优先。,https://www.lagou.com/jobs/3610412.html
36,万像电子招聘,ASIC/FPGA设计工程师,25k-40k,西安,经验3-5年,本科及以上,全职,西安-高新技术产业开发区-唐延南路8号酷派产业园B302,"硬件制造,通信/网络设备,FPGA","职位描述:
1、参与芯片原始需求分析和设计规格的落地细化；
2、负责设计规格到微架构的细化，确保性能和功耗达到目标；
3、负责子系统或模块的详细设计、RTL到电路的交付。配合验证和芯片后端解决问题。
 
任职要求:
1、全日制本科以上学历，至少3年以上ASIC前端设计或FPGA设计经验；
2、有完成模块或子系统SPEC和微架构的设计能力和成功经验；
3、能独立完成从方案、RTL到FPGA调试以及ASIC综合的全流程；
4、有图像编解码设计经验优先",https://www.lagou.com/jobs/5537233.html
37,海平方研发部招聘,技术合伙人,20k-30k,西安,经验5-10年,本科及以上,全职,西安-高新技术产业开发区-天谷八路软件新城,"工具软件,合伙人","建立和打造研发团队


岗位要求：
1 熟悉c++/c#/Asp.net任一种开发语言；
2 熟悉软件工程、过程控制、质量体系；
3 有三维开发相关经验优先；
4 有云计算相关经验优先；


欢迎全国的互联网技术大咖来西安发展！",https://www.lagou.com/jobs/2739552.html
38,当当网西安当当网招聘,推荐算法工程师（西安）,15k-30k,西安,经验1-3年,本科及以上,全职,西安-高新技术产业开发区-西安市高新区软件新城天谷八路5楼当当网,数据分析,"职位描述： 岗位职责: 1、用户行为分析、用户建模等策略分析和制定。 2、推荐效果优化，召回、排序技术的研发。 3、机器学习项目的效果和工程优化。 4、推荐系统生态闭环建设与优化。 5、系统性地用ML/DM的方法优化推荐系统闭环。
任职资格: 1、统招本科以上学历，推荐或相关行业三年以上工作经验。 2、数据结构和算法基础扎实，编码动手能力强。 3、熟悉linux开发环境，能够使用python及相关库进行快速开发迭代，熟悉R者优先。 4、代码风格优良，编码规范意识强。 5、有推荐、广告、NLP、机器学习等相关经历和背景。 6、能够熟练使用Hadoop进行大数据处理，熟悉Storm，Spark者优先。 7、问题分析能力强，能灵活使用合适算法解决问题，不轻易陷入算法、模型局限性。 8、能够适应多人协作快速开发的模式，团队意识强烈。",https://www.lagou.com/jobs/3021029.html
39,象道运营招聘,算法工程师,25k-35k,西安,经验3-5年,硕士及以上,全职,西安-高新技术产业开发区-沣惠南路-沣惠南路唐沣国际D座18层,"大数据,即时通讯",负责通信算法相关的设计与验证工作，包括但不限于以下领域：1、光纤通信系统的数学建模；2、高速、高阶QAM信号的调制与解调技术；3、光纤通信信道质量监测、信号损伤补偿与自适应均衡。,https://www.lagou.com/jobs/5548376.html
40,一诺仪器（中国）有限公司研发中心招聘,高级硬件工程师,30k-50k,西安,经验10年以上,本科及以上,全职,西安-高新技术产业开发区-中投国际A座7层,"硬件制造,嵌入式,硬件开发","1、依据公司项目需求进行硬件开发； 2、按照公司研发流程和时间节点要求完成硬件原理图设计，软硬件联调及后续转产; 3、完成相关产品设计开发文档的撰写和归档;任职资格： 
1、本科及以上学历，电子、通信、自动化等相关专业2、十年以上硬件系统开发经验，精通模拟电路设计3、熟练使用Cadence，AD等EDA软件，熟练使用示波器，万用表，信号发生器等测量测试设备 4、有FPGA，DSP，ARM等平台应用经验5、积极主动，具备良好的团队协作精神，善于与人沟通，能够承受一定的工作压力
6、具有仪器仪表测量行业经验者优先",https://www.lagou.com/jobs/4017212.html
41,泰为软件QA招聘,Bulid&ReleaseEngineer,20k-30k,西安,经验3-5年,本科及以上,全职,西安-高新技术产业开发区-中晶科技广场,DevOps,"Responsibilities
•         Design, implement and maintain CI/CD solutions for cross-platform and cloud applications
•         Monitor and improve CI/CD infrastructure and tools
•         Identify and correct CI/CD performance bottlenecks
•         Continuous improvement of existing Build & Release processes
•         Assist developers with project configurations
•         Work together with development teams and QA to improve productivity by automating processes
•         Work together with other departments to tighten feedback loops in the Application Development Life Cycle
 
Requirements
•         Solid experience with managing and monitoring CI/CD tools (e.g Jenkins, Travis CI, Circle CI, Go CD)
•         Solid experience with CI/CD practices including unit testing, static code analysis, security testing, performance testing
•         Solid experience with at least one scripting language (Python preferred)
•         Solid experience with Unix-like and Windows environments
•         Experience with virtualization technologies
•         Experience with Docker or other containerization technologies
•         Experience in DB administration
•         Knowledge of infrastructure automation tools (Chef/Puppet/Ansible)
•         Advanced networking knowledge
•         Bachelor's or Master's degree in Computer Science or related degree
•         Fluency in English
•         Experience with infrastructure performance monitoring tools is a plus
•         Experience in software development is a plus
•         Experience with ElectricFlow is a plus",https://www.lagou.com/jobs/5542608.html
42,土豆数据产品与设计部招聘,高级产品经理/产品总监,15k-30k,西安,经验5-10年,本科及以上,全职,西安-高新技术产业开发区-天谷八路环普科技产业园E座504,产品设计,"岗位职责：
1.参与制定整体公司策略和规划，推动产品计划的落地；
2.负责行业和市场调查，了解客户需求，发现创新和改进产品的机会；
3.建立高效的产品规划和管理流程，确保项目执行和落地；
4.管理产品经理和UI团队。
任职资格：
1.8年以上互联网产品相关工作经验，独立完成过完整的产品循环，带过至少10人以上的团队；
2.对具体行业的业务模式、未来趋势有深入理解与独特思考，具备良好的业务敏感度和视野，能够敏锐的捕获产品机会和数据价值；
3.可以承受压力，结果为导向，超高执行力与解决问题能力；
4.有建立和培养产品经理团队的直接经验；
5.有建立完整的产品开发流程包括产品需求的管理、研发项目协调和推进、已发布产品的支持和等；
6.有To B的企业互联网服务经验优先；
7.有国土，环境，农业等垂直行业经验优先；
8.有知名互联网公司工作者或大型平台工作经验者优先。",https://www.lagou.com/jobs/4506562.html
43,华为技术有限公司CloudBU招聘,开发/测试/运维工程师,30k-50k,西安,经验应届毕业生,本科及以上,全职,西安-高新技术产业开发区-华为基地,"前端开发,Javascript","开发：
1、负责数字化运营项目数据服务的设计及交付，基于大数据等技术实现业务单元的客户、资源及产品数据可视化、智能化运营，提升运营效率
2、负责数字化运营项目业务领域的应用实施、集成需求分析及解决方案设计和落地；
3、根据数字化运营项目需求规划，完成服务/微服务设计、开发、测试、上线和运维工作。
平台测试：
1、基于相关业务完成业务场景分析、功能/特性分析，并完成功能/特性测试方案的设计；
2、基于测试方案，完成测试用例/代码设计、自动化用例/脚本实现；
3、根据版本规格，完成测试的评估，输出测试策略，组织测试执行，确保版本规格符合客户需求。
前端：
1、参与公共Web前端组件库/框架的维护和开发;
2、负责前端工程化、性能优化、自动化测试、组件化等通用解决方案的设计和开发;
3、解决产品开发中遇到的重要疑难问题，负责新技术演进及落地推广工作
4、结合业务，负责Web前端领域的新方向探索和实践，并确保竞争力落地;
5. 负责Web前端领域的重要方案设计与技术选型

 
任职要求：
1、熟练掌握Java、python等主流开发语言的一种；
2、熟悉Linux配置和Shell使用；
3、熟练掌握常用的软件架构模式，并能熟练使用基本的编程编译工具；
4、3年及以上项目开发经验，具备一定架构设计能力，独立承担过30K以上模块开发、维护工作，并能独立承担6K规模子系统和模块开发设计工作，有以下相关经验、技能者优先考虑：
1）熟悉分布式架构、有分布式软件开发经验者；
2）熟悉Openstack、WMWare等云操作系统软件者；
3）有云计算及大数据/SDN/NFV领域开发经验者；
4）精通消息总线、报表引擎、规则引擎、大型BS系统、日志收集系统等开源软件者。
5、熟练使用数据库进行性能调优；
6、具有良好的沟通能力，刻苦、敬业、有上进心，有良好的团队合作精神。对技术有激情，喜欢钻研，能快速接受和掌握新技术，有较强的独立、主动的学习能力。
专业知识要求：
1、信息系统/计算机/通讯等相关专业，本科及以上学历，英语通过四级及以上；
2、熟悉JAVA、Python、JS中的至少一种，掌握常见的数据结构、算法，了解软件工程、敏捷开发等知识，熟悉常用设计模式；
3、熟悉数据库领域一个或多个特性的核心原理，对分布式、一致性等算法有一定理解。
4、熟悉Linux内核、网络虚拟化原理、SDN、NFV相关技术；
5、通信业务背景，网络通讯相关协议STP/OAM/MPLS/OSPF/DHCP；
6、有数通领域业务、云计算及大数据领域开发经验优先。",https://www.lagou.com/jobs/5521502.html
44,易知行研发部招聘,GIS产品总监,20k-30k,西安,经验3-5年,本科及以上,全职,西安-高新技术产业开发区-环普产业园,"大数据,地图,需求分析,产品设计,用户研究","产品总监/高级产品经理
岗位职责：
1. 参与制定整体公司策略和规划，推动产品计划的落地；
2.负责行业和市场调查，了解客户需求，发现创新和改进产品的机会；
3.负责国土项目的设计与规划，及实施方案的拟订；
2.负责对接客户需求，指导解决方案部门设计制作国土业务解决方案，协调各个部门落地客户需求；积极主动配合上级领导实现项目目标；
3.负责国土项目的组织管理与项目实施（包括设备安装调试、项目验收、用户培训）及售后服务等相关工作；
4.主持建立高效的产品规划和管理流程，确保项目执行和落地；
5. 管理产品团队和UI团队。
 
任职资格：
1.本科及以上学历，GIS、数学、计算机相关专业；
2. 8年以上互联网产品相关工作经验，独立完成过完整的产品周期，有带领团队经验；
3有建立完整的产品开发流程包括产品需求的管理、研发项目协调和推进、已发布产品的支持
4.对具体行业的业务模式、未来趋势有深入理解与独特思考，具备良好的业务敏感度和视野，能够敏锐的捕获产品机会和数据价值；
5.有To B的企业互联网服务经验优先；有国土，环境，农业等垂直行业经验优先，有知名互联网公司工作者或大型平台工作经验者优先
6、清晰的逻辑思维，较强的产品运营能力，擅长数据分析驱动、监测过程变化。",https://www.lagou.com/jobs/5537761.html
45,星垂智能招聘,Web前端开发经理,25k-40k,西安,经验5-10年,本科及以上,全职,西安-高新技术产业开发区-绿地中心A座,"前端开发,Javascript,CSS","星垂智能 ZENO 是一家总部在西安的科技创业公司，由连续创业者们创立，创始人们曾在美国，阿联酋等地工作和创业。目前 ZENO 处于影藏模式中，已经获得来自阿联酋，加拿大和新加坡的客户。公司位于西安，并在迪拜设有分公司。

公司提供完善的福利制度和行业内 Top 5% 的薪资。我们期望新同事拥有良好的英文沟通能力，对新技术的敏锐性和对新鲜事物的好奇心。

薪资福利
1. 25k 起，可以沟通，保证市场上前 5% 的薪水
2. 五险一金以及其他法律规定的员工基础福利
3. 每年至少一次的国外旅行或者到其他国家办公室访问机会
4. 产假（无论性别）
5. 健身房会员
6. 其他人性化的福利政策

工作职责 
1. 根据 UI 设计师的设计图，实现 Web 前端页面，持续优化代码，保持主流浏览器的兼容性 
2. 负责公司产品相关应用系统的构建、优化、重构
3. 负责网站和手机终端的界面交互开发 
4. 在移动设备上，追求极致的用户体验 

职位要求 
1. 深入理解 W3C 标准与 ES 规范，熟悉 Web 语义化，掌握盒模型、常用布局以及浏览器兼容性 
2. 有 HTML5 与 CSS3 开发经验 
3. 有 ES5 开发经验且了解 ES6  
4. 熟练使用各种调试抓包工具，能独立分析、解决和归纳问题 
5. 有移动设备调试经验者,熟悉性能调优经验
6. 深入理解且熟练使用 Vue.js 框架，对生命周期，计算属性，Vue 指令，组件通信了若指掌；熟练应用 Vue.js 的周边生态资源，如 Vuex, Vue-Router 等；掌握核心 API 的实现原理
7. 熟练掌握应用状态管理，能够合理正确的设计和开发 Store / Event Bus，能够将数据请求与本地存储、状态管理进行良好的结合
8. 熟练使用 Webpack 打包及发布应用，有丰富的插件配置和打包优化经验
9. 能熟练编写扩展性、兼容性、可读性良好的代码
10. 有良好的技术视野和规划能力，能独立完成前端模块的设计与实现，具备快速的学习能力
11. 有足够的组件化经验并能够开发可复用的组件，提高开发效率
12. 深入理解 JS 和 CSS 在 PC 端及移动端浏览器兼容性
13. 深入理解 CSS 动画，并掌握 SVG 或 Canvas 至少一种动画开发技术，掌握一种动画开发框架

加分项
1. 有 App 开发经验
2. 技术博客 
3. Github 上有独立作品
4. 有扎实的 JS 基础，深入理解 JS 原理，核心特性，对模块化有深入理解
5. 深入理解并掌握 HTTP 协议1.0，了解2.0",https://www.lagou.com/jobs/5264870.html
46,寄云科技产品交付事业部招聘,大数据系统工程师,18k-36k,西安,经验5-10年,大专及以上,全职,西安-高新技术产业开发区-锦业一路研祥城市广场,"云计算,大数据","岗位职责：
1. 负责公司项目涉及大数据基础平台的规划、部署、管理和优化，保障平台稳定可靠高效运行；
2. 负责Hadoop、HBase、Hive、Spark、Kafka等集群的维护、优化工作；
3. 负责公司产品TSDB，MPP，及业务系统的运行维护。协助解决问题。
4. 深入理解公司大数据平台架构，发现并解决性能瓶颈，支撑业务和数据量的快速增长；
5. 了解产品业务，加入产品从原型设计到正式上线的整个过程，基于对产品的理解，从技术架构的角度给予持续的优化意见；
6. 开发大数据自动化运维、监控、故障处理工具，监控所有基础设施组件、应用程序，提供紧急应急措施；
7. 持续的创新和优化能力，提升产品整体质量，改善用户体验，控制系统成本；
 
任职要求：
1. 深入理解linux系统，运维体系结构，精于容量规划、架构设计、性能优化，专家优先；
2. 具备一定的开发能力，精通一门以上脚本语言(shell/perl/python等)，熟悉java/C/C++等开发语言一种及以上；
3. 具备很强的ownership，故障排查能力，有很好的技术敏感度和风险识别能力；
4. 熟悉Hadoop、HBase、Kafka、Hive、Spark等组件的工作原理，并有2年以上Hadoop生态系统维护与调优经验；
5. 熟悉greenplum,druid相关技术，或者有强烈的学习欲望。
6. 熟悉分布式系统设计范型，有大规模系统设计和工程实现的了解者优先；
7. 了解docker，云计算相关技术，或者有强烈的学习欲望；
8. 良好的服务意识，善于团队协作，项目管理，主动思考，自我驱动力强；
9. 能适应经常出差，满足项目的需求；能够承受较大的工作压力，以结果和行动为准则，努力追求成功。",https://www.lagou.com/jobs/5563407.html
47,西安咸临益志商贸有限公司招聘,后端开发工程师,15k-30k,西安,经验1-3年,学历不限,全职,西安-高新技术产业开发区-环普软件园,区块链,"如果你擅长并且喜欢高并发互联网产品的后端架构设计和实现，开发基于区块链的DApp应用，设计DApp产品和技术架构，研究区块链底层技术，偶尔写点技术类文章
 
职位要求：
1. 熟练掌握Python，go，Java，c++，Node.JS等主流区块链系统开发语言至少两种；
2. 对区块链有热情，并对智能合约、DApp、侧链技术有深度认知；
3. 有Solidity开发经验，如果自己写过DApp最好；
4. 熟悉共识算法或一致性算法者优先，如Pow，PBFT，PoS，DPos，RPCA，Raft等；
5. 1-3年经验，优秀的应届毕业生也可以。",https://www.lagou.com/jobs/5680304.html
48,ThoughtWorks大数据团队招聘,数据工程师,15k-30k,西安,经验3-5年,本科及以上,全职,西安-高新技术产业开发区-环普科技产业园,"数据处理,数据挖掘,Spark","工作职责：
1、利用大数据相关组件实现海量的搜集和存储；
2、利用大数据相关组件实现数据清洗，转换等工作；
3、利用大数据相关组件实现数据可视化以及海量数据下的多维钻取分析；
4、整合大数据相关组件，构建数据沙盒，支撑多租户的数据分析；
5、组件性能调优； 
 
任职资格：
1、3年以上相关工作经验，至少熟练掌握Java，Scala，Python中的一种或多种；
2、熟悉Spark，Flink，Mapreduce等分布式计算框架。
3、熟悉 Storm，SparkStreaming等流处理框架。
4、熟悉MPP和搜索引擎，例如Impala，Presto，Elasticsearch等；
5、熟悉熟悉分布式存储系统，例如HDFS，Ceph等。
6、熟悉NoSQL存储，例如Hbase，MongoDB，CouchDB等；
7、了解PowerBI，Tableau等任一一款可视化工具优先考虑；
8、有大数据相关组件性能调优经验或机器学习经验优先考虑；",https://www.lagou.com/jobs/5107496.html
49,海平方研发部招聘,高级图形/CAD开发工程师,20k-30k,西安,经验5-10年,本科及以上,全职,西安-高新技术产业开发区-天谷八路软件新城国家电子商务示范基地301室,"工具软件,C++,架构师,系统架构,解决方案","岗位职责：
1、根据产品需求和计划，完成技术选型、架构设计与核心编码；

岗位要求：
1、本科5年以上或硕士3年以上图形/CAD开发经验，具有大型项目核心模块以上经验；
2、熟悉三维引擎原理，具有相关开发、使用经验；
3、熟悉图形系统开发相关技能，具备一定的三维系统开发经验；
4、熟练操作至少一种三维设计软件；
5、有良好的技术沟通及团队协作能力，具有较强的事业心，有创新精神，承压能力强；
6、有主导产品开发成功经验者优先考虑。",https://www.lagou.com/jobs/3194988.html
50,土豆数据市场部招聘,市场总监,20k-30k,西安,经验10年以上,本科及以上,全职,西安-高新技术产业开发区-天谷八路环普科技产业园E座504,"市场推广,市场分析",岗位职责：1、根据公司战略，制定市场营销策略和规划；2、负责搜集市场资料，进行深入的市场分析，提供市场运作方向性的建议，提供业务发展战略与依据；3、负责日常市场项目目标设定，分解及市场推广效果的统计分析、评估、调整和优化；4、负责完善市场团队的管理体系和推广模式，制定和完善市场管理规范和工作流程。任职要求：1、5年及以上市场营销管理相关工作经验，熟悉国土、测绘、规划等行业应用软件，从事过国土相关工作优先；2、具有丰富的团队管理经验，善于整合、协调公司内外部资源；3、擅长跨界合作，沟通表达能力强，自我驱动意识强，结果导向；4、具敏锐的商业和市场意识，分析问题及解决问题能力强，具有优秀的资源整合能力。,https://www.lagou.com/jobs/4562720.html
51,华为技术有限公司CloudBU招聘,bi数据分析师,30k-50k,西安,经验应届毕业生,本科及以上,全职,西安-高新技术产业开发区-华为基地,"可视化,数据分析,数据运营,BI","职责描述：
1、负责客户中心全域数据体系建设，通过数据+工程化的能力来处理和萃取数据，赋能应用和产品；
2、根据数据现状，业务运营规划和发展目标，负责BI数据服务业务的规划设计，需求分析和工作流程；
3、负责落地全面数据治理，包括数据资产管理、数据质量管理、数据指标开发及体系化建设；
 
任职要求：
1、大学本科及以上学历，计算机或相关专业， 5年或5年以上大型企业数据仓库或BI相关工作经验；
2、较为丰富的数据仓库及数据平台的架构经验，精通数据仓库建模及ETL设计开发，在大数据资产管理与治理方面有成功经验；
3、掌握大型数据库开发技术，如Oracle、Teradata、DB2、Mysql等掌握至少其中一种，灵活运用SQL实现海量数据加工处理并有SQL优化能力；
4、对Hadoop体系有一定的了解，精通基于Hive的开发和优化；
5、对商业和业务逻辑敏感，具备良好的逻辑分析能力和系统性思维能力，良好的跨团队的沟通能力；
6、有团队管理经验优先；有大型集团数据治理相关项目经验优。",https://www.lagou.com/jobs/5521506.html
52,华为技术有限公司CloudBU招聘,安全专家,35k-65k,西安,经验应届毕业生,本科及以上,全职,西安-高新技术产业开发区-华为基地,"测试,Web测试","【工作职责】
负责公有云服务、整体安全方案设计；
对项目技术方案进行安全评审，主导项目安全威胁分析；
具备安全漏洞分析、解决能力，对安全风险进行根因分析、并形成技术解决方案；
在开发团队进行安全能力赋能，提升团队网络安全水平；
跟踪安全动态，总结安全事件，形成可落地的安全军规和安全漏洞排查方法。
 
【任职要求】
5年以上安全相关经验，熟悉黑盒渗透测试工具、安全白盒检测工具、WEB安全漏洞，如：XSS、SQL Injection、反序列化漏洞等；
熟练开发语言：Java、Python；
熟悉对称、非对称加密算法，了解BouncyCastle，OpenSSL、CryptoAPI等加解密开发框架;
熟悉微服务架构，了解以下平台或框架：SpringBoot、Django、AngularJS、Redis、Kafka；
熟悉常见网络协议，如：HTTP、FTP、SSL、NTP、等；了解虚拟化技术，如：OpenStack、KVM等。
了解安全漏洞及防范方法，如：栈溢出、堆溢出、安全函数库等；了解OS、网络攻击，如：口令暴力猜测、ARP欺骗、DNS污染、慢速DOS等。",https://www.lagou.com/jobs/5533515.html
53,华为技术有限公司CloudBU招聘,数仓工程师,30k-50k,西安,经验应届毕业生,本科及以上,全职,西安-高新技术产业开发区-华为基地,"数据仓库,数据分析,数据架构,数据挖掘","职责描述：
1、负责相关项目数仓建设、设计及交付，包括：数据仓库（离线、实时）的数据设计与交付、数据模型规划及实施、数据质量保障；
2、负责数项目数据仓库领域的应用实施、集成需求分析及解决方案设计和落地；
3、根据数字化运营项目需求规划，完成服务/微服务设计、开发、测试、上线和运维工作
规划，完成服务/微服务设计、开发、测试、上线和运维工作。
 
任职要求：
业务技能要求：
1、熟练掌握Java、python等主流开发语言的一种；
2、熟悉Linux配置和Shell使用；
3、熟练掌握常用的软件架构模式，并能熟练使用基本的编程编译工具；
4、3年及以上项目开发经验，具备一定架构设计能力，独立承担过30K以上模块开发、维护工作，并能独立承担6K规模子系统和模块开发设计工作，有以下相关经验、技能者优先考虑：
1）熟悉分布式架构、有分布式软件开发经验者；
2）熟悉Openstack、WMWare等云操作系统软件者；
3）有云计算及大数据/SDN/NFV领域开发经验者；
4）精通消息总线、报表引擎、规则引擎、大型BS系统、日志收集系统等开源软件者。
5、熟练使用数据库进行性能调优；
6、具有良好的沟通能力，刻苦、敬业、有上进心，有良好的团队合作精神。对技术有激情，喜欢钻研，能快速接受和掌握新技术，有较强的独立、主动的学习能力。
专业知识要求：
1、信息系统/计算机/通讯等相关专业，本科及以上学历，英语通过四级及以上；
2、熟悉C/C++、JAVA、Python、JS中的至少一种，掌握常见的数据结构、算法，了解软件工程、敏捷开发等知识，熟悉常用设计模式；
3、熟悉数据库领域一个或多个特性的核心原理，对分布式、一致性等算法有一定理解。
4、熟悉Linux内核、网络虚拟化原理、SDN、NFV相关技术；
5、通信业务背景，网络通讯相关协议STP/OAM/MPLS/OSPF/DHCP；
6、有数通领域业务、云计算及大数据领域开发经验优先。",https://www.lagou.com/jobs/5521508.html
54,华为技术有限公司CloudBU招聘,数据工程师,35k-65k,西安,经验应届毕业生,本科及以上,全职,西安-高新技术产业开发区-华为基地,"数据架构,数据仓库,数据分析,数据挖掘","职责描述：
1、负责华为云数字化运营数据仓库与集市建模，数据ETL的设计、开发与性能优化；
2、对华为云运营、运维、研发、资源数据、运行时动态数据进行数据平台建设，为业务场景提供数据服务和分析能力；
3、负责业务需求的需求理解、数据探查和挖掘，进行数字化运营产品的数据研发；
4、参与数据平台的架构设计，负责数据平台优化或创新。
 
任职要求：
1、从事数据仓库领域工作至少5年以上，熟悉数据仓库模型设计方法论，并有实际的模型设计经验，有线下零售及电商经验优先；
2、熟悉Hadoop生态相关技术并有相关实践经验，包括Hdfs、Mapreduce、Hive、Hbase、Spark等，具备灵活运用SQL实现海量数据ETL加工处理相关经验；
3、精通数据仓库领域知识和管理技能，包括但不局限于：元数据管理、数据质量、主数据管理、性能调优等；
4、掌握实时流计算技术，有storm、Spark Streaming、Flink等开发经验者优先；
5、有一定的数据分析和挖掘能力，能从海量数据提炼核心结果，及时发现和分析其中隐含的变化和问题，有数据分析、挖掘、清洗、建模和BI分析的经验优先
6、具备良好的沟通、团队协作和创新能力，对云计算业务有一定程度的了解。",https://www.lagou.com/jobs/5521512.html
55,华为技术有限公司CloudBU招聘,数据治理架构师,35k-65k,西安,经验应届毕业生,本科及以上,全职,西安-高新技术产业开发区-华为基地,数据架构,"职责描述：
1、负责数据治理项目设计与交付；
2、负责数据治理服务子领域的能力建设
3、负责承接相关项目顶层设计的落地工作，包括平台的整体数据架构设计，完成从业务模型到数据模型的设计工作
4、具备业务理解和抽象能力，可解决复杂的商业问题、技术方向把控。
 
任职要求：
业务技能要求：
1、熟练掌握Java、python等主流开发语言的一种；
2、熟悉Linux配置和Shell使用；
3、熟练掌握常用的软件架构模式，并能熟练使用基本的编程编译工具；
4、5年及以上项目开发经验，具备一定架构设计能力，独立承担过30K以上模块开发、维护工作，并能独立承担6K规模子系统和模块开发设计工作，有以下相关经验、技能者优先考虑：
1）熟悉分布式架构、有分布式软件开发经验者；
2）熟悉Openstack、WMWare等云操作系统软件者；
3）有云计算及大数据/SDN/NFV领域开发经验者；
4）精通消息总线、报表引擎、规则引擎、大型BS系统、日志收集系统等开源软件者。
5、熟练使用数据库进行性能调优；
6、具有良好的沟通能力，刻苦、敬业、有上进心，有良好的团队合作精神。对技术有激情，喜欢钻研，能快速接受和掌握新技术，有较强的独立、主动的学习能力。
专业知识要求：
1、信息系统/计算机/通讯等相关专业，本科及以上学历，英语通过四级及以上；
2、熟悉JAVA、Python、JS中的至少一种，掌握常见的数据结构、算法，了解软件工程、敏捷开发等知识，熟悉常用设计模式；
3、熟悉数据库领域一个或多个特性的核心原理，对分布式、一致性等算法有一定理解。
4、熟悉Linux内核、网络虚拟化原理、SDN、NFV相关技术；
5、通信业务背景，网络通讯相关协议STP/OAM/MPLS/OSPF/DHCP；
6、有数通领域业务、云计算及大数据领域开发经验优先。",https://www.lagou.com/jobs/5521514.html
56,华为技术有限公司CloudBU招聘,资深开发工程师,35k-65k,西安,经验应届毕业生,本科及以上,全职,西安-高新技术产业开发区-华为基地,"大数据,前端开发,Javascript","职责描述：
1、独立承担数字化建设相关的IT产品模块特性、功能逻辑设计、服务化设计工作；
2、承担产品模块的技术设计、数据模型设计、物理模型设计工作；承担模块技术实现工作；
3、参与产品模块设计的特性、功能、性能、体验的验证；
4、参与产品相关模块建设过程中的问题分析、定位、处理；
5、参与产品相关模块的应用推广、价值实现。
 
任职要求：
1、熟悉JAVA主流框架，如SpringMVC、Spring boot、Spring cloud、mybatis、hibernate、Maven、gradle等开源框架，有微服务、restful等开发及运维经验优先。
2、熟练业界前端主流开发技术，精通javascripts开发，有angular/react/vue框架开发经验优先；
3、具备软件功能逻辑设计（含功能设计、服务化设计等）的基础技能；
4、具备关系型数据库模型设计的基础技能（基于功能设计、实体关系图设计，开展数据库相关对象的设计）；
5、具有优秀的沟通能力，刻苦、敬业、有上进心，有优秀的团队合作精神。对技术有激情，喜欢钻研，能快速接受和掌握新技术，有优异的独立、主动的学习能力；
6、有数通领域业务、云计算及大数据领域开发经验优先。",https://www.lagou.com/jobs/5521518.html
57,华为技术有限公司CloudBU招聘,系统架构师,35k-65k,西安,经验应届毕业生,本科及以上,全职,西安-高新技术产业开发区-华为基地,"大数据,系统架构,团队建设,业务流程管理","职责描述：
1、负责相关业务系统的规划，梳理和搭建
2、参与项目及各模块的流程搭建工作，梳理规范各节点业务流程动作
3、对接项目管理部门，代表业务提出系统性的需求
4、对接相关部门，代表业务澄清业务诉求
5、参与项目开发，代表业务输出业务方案，对接相关业务部门完成需求澄清和测试，保证项目按需上线
 
任职要求：
业务技能要求：
1、熟练掌握Java、python等主流开发语言的一种；
2、熟悉Linux配置和Shell使用；
3、熟练掌握常用的软件架构模式，并能熟练使用基本的编程编译工具；
4、5年及以上项目开发经验，独立承担过20K以上模块开发、维护工作，并能独立承担4K规模子系统和模块开发设计工作，有以下相关经验、技能者优先考虑：
1）熟悉分布式架构、有分布式软件开发经验者；
2）熟悉Openstack、WMWare等云操作系统软件者；
3）有云计算及大数据/SDN/NFV领域开发经验者；
5、具有良好的沟通能力，刻苦、敬业、有上进心，有良好的团队合作精神。对技术有激情，喜欢钻研，能快速接受和掌握新技术，有较强的独立、主动的学习能力。
专业知识要求：
1、信息系统/计算机/通讯等相关专业，本科及以上学历，英语通过四级及以上；
2、掌握常见的数据结构、算法，了解软件工程、敏捷开发等知识，熟悉常用设计模式；
3、通信业务背景，网络通讯相关协议STP/OAM/MPLS/OSPF/DHCP；
4、有数通领域业务、云计算及大数据领域开发经验优先。",https://www.lagou.com/jobs/5521538.html
58,星垂智能招聘,产品总监,20k-40k,西安,经验5-10年,本科及以上,全职,西安-高新技术产业开发区-绿地中心A座,"大数据,需求分析,移动产品/APP,用户研究,产品设计","星垂智能 ZENO 是一家总部在西安的科技创业公司，由连续创业者们创立，创始人们曾在美国，阿联酋等地工作和创业。目前 ZENO 处于影藏模式中，已经获得来自阿联酋，加拿大和新加坡的客户。公司位于西安，并在迪拜设有分公司。
公司提供完善的福利制度和行业内 Top 5% 的薪资。我们期望新同事拥有良好的英文沟通能力，对新技术的敏锐性和对新鲜事物的好奇心。

薪资福利
- 保证市场上前 5% 的薪水
- 五险一金以及其他法律规定的员工基础福利
- 每年至少一次的国外旅行或者到其他国家办公室访问机会
- 产假（无论性别）
- 健身房会员
- 其他人性化的福利政策

职位职责
-  负责现有产品的设计及优化
- 管理项目进度，协调设计、开发、运营等团队资源，分析并及时响应业务需求，提出产品解决方案
- 负责产品原型和交互界面设计，跟踪产品研发过程，把控开发质量和进度，对产品版本的最终上线负责
- 对接业务需求，分析需求并提供解决方案，撰写需求文档，制定产品计划
- 负责与研发团队沟通，协调推动跨部门合作，跟进需求上线
- 关注产品的 UI/UX，及时掌握产品动态，收集整理产品运营数据、用户反馈和建议

职位需求
- 良好的教育背景，5年以上互联网产品工作经验
- 有移动应用程序开发经验优先
- 有 BA 工作经验优先
- 扎实的技术背景，熟悉软件/互联网项目开发流程
- 熟悉敏捷开发
- 较强的客户和团队沟通能力
- 优秀的书面和口头英语表达能力
- 较强的组织和多任务技能

- 优先考虑拥有计算机及电子工程的学士或硕士学位的候选者
- 有在国际化团队工作经验的候选人优先
- 有带团队（特别是跨地区团队）经验的优先",https://www.lagou.com/jobs/5406259.html
59,星垂智能招聘,高级UI设计师,20k-30k,西安,经验3-5年,本科及以上,全职,西安-高新技术产业开发区-绿地中心A座,"UI,App设计,网页","垂智能 ZENO 是一家总部在西安的科技创业公司，由连续创业者们创立，创始人们曾在美国，阿联酋等地工作和创业。目前 ZENO 处于影藏模式中，已经获得来自阿联酋，加拿大和新加坡的客户。公司位于西安，并在迪拜设有分公司。公司提供完善的福利制度和行业内 Top 5% 的薪资。我们期望新同事拥有良好的英文沟通能力，对新技术的敏锐性和对新鲜事物的好奇心。

薪资福利
- 可以沟通，保证市场上前 5% 的薪水
- 五险一金以及其他法律规定的员工基础福利
- 每年至少一次的国外旅行或者到其他国家办公室访问机会
- 产假（无论性别）
- 健身房会员 
- 其他人性化的福利政策  
职位职责
- 参与并主导移动端与桌面端产品视觉设计，参与制定产品整体视觉风格和规范，并持续优化细节，确保设计质量
- 参与产品规划和创意过程，跟踪产品效果，提出设计改善方案，保证产品具有良好的体验
- 以用户为中心的设计，为产品设计提出合理的设计方案，并推动方案的落地实施
- 能基于产品业务要求研究分析用户需求和使用习惯，独立完成产品界面设计和动态交互 Demo 制作等工作
- 能够与团队其他设计师、产品经理和研发紧密合作
- 关注设计趋势变化，有不同的设计语言表达能力，分享设计经验、对新鲜事物有热情

职位要求
- 本科及以上学历，美术、设计、计算机等相关专业
- 3年以上 UI 设计经验，能够独立承担产品项目中的设计工作
- 熟悉 iOS、Android 平台规范，具备成熟的设计理论和技法，对设计有极致的追求
- 有前瞻性设计理念，积极关注国内外行业发展趋势
- 对产品交互设计以及用户体验有着深刻体会，并能提出合理化建议
- 有良好的团队合作精神，对互联网产品设计流程有清晰的概念和理解。富有激情和主动性，良好的学习能力
- 有成功线上案例，以及设计作品集以供参考",https://www.lagou.com/jobs/5317743.html
60,寄云科技产品交付事业部招聘,高级实施工程师（DCS）,15k-30k,西安,经验5-10年,大专及以上,全职,西安-高新技术产业开发区-锦业一路研祥城市广场,"云计算,大数据","岗位职责：
1、负责项目工艺组态的整体工作，包括需求沟通、进度协调、资源组织等，能带领并指导其他同事完成工艺流程组态工作；
2、协助完成DCS系统数据点的梳理；
3、绘制DCS或PLC电气原理图、接线图、电控柜以及布局图；
4、负责工程项目相关输出资料的编制、归档。

任职要求：
1、熟悉DCS/PLC及相关自动化、电气、仪表等专业知识；
2、具有3年以上火电、化工等行业组态及工程调试，有独立负责项目实施经验者优先考虑；
3、熟练掌握至少一种DCS软件组态工具的使用，熟悉组态王、winCC等组态工具者优先考虑；
4、熟练使用AutoCAD绘图软件及office相关软件。
5、积极主动、责任心强、善于学习与分析。
6、可适应经常性出差；
7、面试通过后，一个月内到岗。",https://www.lagou.com/jobs/5502311.html
